,credit_of_future_tendency
0,
1,
2,
3,
4,
5,-1.0
6,-1.0
7,-1.0
8,-1.0
9,-1.0
10,-0.9061054871003742
11,-0.8589911443674147
12,-0.8096332264309903
13,-0.7831500101188004
14,-0.756539148539745
15,-0.752805203104139
16,-0.7480746079570106
17,-0.744026478391826
18,-0.7403060028677995
19,-0.7356386890292421
20,-0.7316422438447675
21,-0.728186015922624
22,-0.7240261972297898
23,-0.7194217266042124
24,-0.7144168768574372
25,-0.7082482075283416
26,-0.7029341630972264
27,-0.6981222714400169
28,-0.6931330362317657
29,-0.6882668778225215
30,-0.6837591177531523
31,-0.6781502437092114
32,-0.6735124491074024
33,-0.6691063052790203
34,-0.6633489945016416
35,-0.6576279459258321
36,-0.6504607080408875
37,-0.6442132769500988
38,-0.6374948168503913
39,-0.6298839988064765
40,-0.6215346634159408
41,-0.6138527318711187
42,-0.6082652265731848
43,-0.6026098824118088
44,-0.5965894115226338
45,-0.5910848413937518
46,-0.5826943076004777
47,-0.5766413751214476
48,-0.5710181041901414
49,-0.5634823207982037
50,-0.5557702196901843
51,-0.5452827699085595
52,-0.5353115786175302
53,-0.52829416464984
54,-0.5139042137068107
55,-0.4971864301010794
56,-0.4836159510984309
57,-0.4672873864630683
58,-0.4534951469713437
59,-0.44661979679774966
60,-0.4418244454472608
61,-0.4337662333104789
62,-0.42359719299373744
63,-0.4127214468079148
64,-0.40167324605412685
65,-0.39009850705753085
66,-0.3789356390443088
67,-0.37058638583066955
68,-0.36321934101195225
69,-0.3567591491448971
70,-0.34813495608708744
71,-0.3342443053140097
72,-0.3190397020845437
73,-0.3024765662447144
74,-0.2882558202373381
75,-0.27359681842737504
76,-0.2625274693783535
77,-0.2493537213290461
78,-0.23546096303398756
79,-0.22046800241667916
80,-0.20802430091871058
81,-0.1978133567617722
82,-0.18838721421569965
83,-0.18354901542827945
84,-0.17843745780725592
85,-0.16573109265547173
86,-0.14991234061215883
87,-0.12906623884807145
88,-0.11500438486655873
89,-0.10570319185106304
90,-0.09715101418635173
91,-0.09057736190824822
92,-0.08519620366469005
93,-0.07967821609972035
94,-0.0717439071969208
95,-0.06353216941653024
96,-0.055391788588055074
97,-0.04766506213779778
98,-0.04197898551692265
99,-0.03643907461711821
100,-0.030119921396488284
101,-0.023057577584344652
102,-0.016879717791642084
103,-0.011920441820641042
104,-0.011237467728891344
105,-0.005484434796947098
106,0.012044612286233734
107,0.022338588245280535
108,0.037267240627492704
109,0.036846133590181046
110,0.032954533029909056
111,0.03247603967005808
112,0.04115478019157853
113,0.03967002497032295
114,0.04201214594821322
115,0.04124820877384856
116,0.02328983255086073
117,0.03337233172446608
118,0.04154858691958964
119,0.059223658908642826
120,0.08826267756112906
121,0.09681999428850478
122,0.07957927205349312
123,0.09611932185851252
124,0.09475310184580968
125,0.08981358843654597
126,0.08277848734330974
127,0.07996501446686019
128,0.03149757489908353
129,-0.027048547533407984
130,-0.09651676674691467
131,-0.11520450612905452
132,-0.14501241794666342
133,-0.14093410718496277
134,-0.12660669243390052
135,-0.11378232265370382
136,-0.10130363857447418
137,-0.08505451431523187
138,-0.07209268977930476
139,-0.059708821204091066
140,-0.049808070963006795
141,-0.03969774998355367
142,-0.033817764851674315
143,-0.02939439355472966
144,-0.025998021809774518
145,-0.01714798162301965
146,-0.01103681591988544
147,-0.00047861757695829947
148,0.0070183456915020115
149,0.013444293242618782
150,0.017982656243934518
151,0.01639620429310185
152,0.02523656346417758
153,0.027421664886371534
154,0.029711069891149154
155,0.03116525998507834
156,0.033766468240403774
157,0.023210305397727275
158,0.01800850367148214
159,0.01073315604452187
160,0.006627525866477843
161,0.0010246717763664442
162,-0.0012298644106969441
163,0.001471716118301456
164,0.0017739109836914
165,0.003754180644683954
166,0.013174480581682779
167,0.015697926821650107
168,0.03057658526961856
169,0.03607270103506667
170,0.035472172997964395
171,0.04131124262275486
172,0.04216068345201185
173,0.03474408546579697
174,0.028457145614393806
175,0.027463589774557165
176,0.026768253871149644
177,0.02973889780014737
178,0.018442434215153746
179,0.019640577192982445
180,0.01604178625212543
181,0.012925482191039419
182,0.017238950438289612
183,0.019484905860202385
184,0.005688518001628181
185,-0.003798064165486261
186,-0.01670651187042744
187,-0.036872460438137064
188,-0.032557561609581176
189,-0.01192030647148537
190,0.01015310523934495
191,0.023633164353419094
192,0.026449678593496565
193,0.010559867516560278
194,-0.0141689881222576
195,-0.017563700155852065
196,-0.00391591089927525
197,0.010112968373690575
198,0.01090534147858812
199,-0.008311746600338454
200,-0.039324153501014314
201,-0.08475968851385048
202,-0.07865456410478663
203,-0.06832095459055179
204,-0.0589420425716603
205,-0.04806787836103958
206,-0.045124370182546475
207,-0.043927244416369686
208,-0.02180293949725722
209,-0.009993842990851709
210,0.0035682813419149004
211,0.013805255614238399
212,0.016700911241499704
213,0.021394242654424016
214,0.018399816819386444
215,0.01901771582883256
216,0.019580080913811033
217,0.02259140135588124
218,0.020785008793853612
219,0.017082131085320928
220,0.015292261968051472
221,0.011330077713249955
222,0.004932327276647739
223,0.00417880964327137
224,0.005845729108084486
225,0.0035310220334484705
226,0.013269687342208366
227,0.01671951897645071
228,0.018933639356398572
229,0.024039124283372716
230,0.026531248468683603
231,0.029486425307207985
232,0.04033111424413317
233,0.04179114655191695
234,0.04159953279464218
235,0.04886272928358716
236,0.0514974095081098
237,0.05862855981898359
238,0.06192856756032174
239,0.06332010823457673
240,0.06685393331911575
241,0.07054602374470945
242,0.07143370579095351
243,0.06411893282371055
244,0.06460342738322264
245,0.05170727396190537
246,0.04192144915244777
247,0.024914148804054213
248,0.018648508528874515
249,0.020130988872925946
250,0.033918870009452276
251,0.04624453180114634
252,0.05745880957094474
253,0.07431223136326998
254,0.0908003837682741
255,0.09118558786346398
256,0.08278712558839621
257,0.05768945506878493
258,0.04469364842129611
259,0.036847545620477845
260,0.021384269616800483
261,0.015118030957269674
262,0.017661563318001037
263,0.020762192464259557
264,0.03109094345557966
265,0.03857380094416879
266,0.04786063038897155
267,0.05682175858219257
268,0.06750235859991194
269,0.05989043557175837
270,0.06472827759018882
271,0.06318055656607884
272,0.047437953018405615
273,0.04213748226249001
274,0.008029047986809887
275,-0.011931056195281866
276,-0.03104301845485726
277,-0.04078637665679118
278,-0.034071220661639284
279,-0.02328655104345092
280,-0.02194912964239397
281,-0.00540300502033935
282,0.010189807913669078
283,0.01358089287546876
284,0.011221369275105678
285,0.00307985788256443
286,-0.012871778077875389
287,-0.01797964077888873
288,-0.030678594300461326
289,-0.020255354387148428
290,-0.011105630563422408
291,-0.005692931029055317
292,-0.006958650633680336
293,-0.006396744138214647
294,-0.007375388001961904
295,0.0003832971798704562
296,0.0024816861561071848
297,0.0033539349417444652
298,-0.003498778415587102
299,-0.010420047298697149
300,-0.02365451469559123
301,-0.016607358203184572
302,-0.02087096395756383
303,-0.019090212010602462
304,-0.016799573364529974
305,-0.028235514767166455
306,-0.037148854892001405
307,-0.04410229339211539
308,-0.04311909752204513
309,-0.03310358289857029
310,-0.003810961163628144
311,0.00028886806568306084
312,0.021835563820504368
313,0.03268121443101317
314,0.0215304106350905
315,0.0034336152643052315
316,0.008873597424738993
317,0.023870100619920818
318,0.052772377762205405
319,0.05920722595806882
320,0.048912854028950674
321,0.03553823434587862
322,0.027654577321983512
323,0.017461511464548933
324,0.0044962566674743255
325,-0.001665448912880931
326,0.014598043923833902
327,0.026539845664091982
328,0.04457731154200368
329,0.05108649053712897
330,0.05891382050317152
331,0.06871914159842779
332,0.06924134584778611
333,0.0858098196488761
334,0.09004049074032275
335,0.08789104640627853
336,0.09338635811182353
337,0.10023877284096294
338,0.09179351265472593
339,0.08384869717964019
340,0.07742824636175137
341,0.04360483875989415
342,0.031510719920148186
343,0.00730322527473838
344,-0.007795365446994897
345,-0.006937726932347015
346,0.008672928277293894
347,0.014287779221794463
348,0.01596203873787939
349,0.02316767239624376
350,0.024666621071678725
351,0.022485040963553703
352,0.029304934974074874
353,0.032821099862915086
354,0.03421840990526517
355,0.037480041038576155
356,0.022960775319821283
357,0.018742718171117202
358,0.0018344439953214995
359,-0.003948511669557389
360,-0.005303904476113647
361,-0.005695059105245806
362,-0.021532829519927067
363,-0.01653889078471365
364,-0.022006285968381226
365,-0.027092771812400863
366,-0.0439697750014871
367,-0.05298325238964194
368,-0.07496864243247671
369,-0.06834176437301673
370,-0.05345334649493248
371,-0.03573953027023949
372,-0.014308118509468537
373,0.011339604243891112
374,-0.008910173696932432
375,-0.03397251023067424
376,-0.04248191943368138
377,-0.023527724407391006
378,-0.02093937343175922
379,-0.014900150601540629
380,-0.00878995850971302
381,-0.006090762483361164
382,0.008306894366142386
383,0.01725381957496021
384,0.02255664071795304
385,0.0376975467725411
386,0.03868994904225875
387,0.03896670596434584
388,0.029776764529407782
389,0.02726217457538157
390,0.024902290273983274
391,0.02285640012832618
392,0.025757514530419818
393,0.03098084403346574
394,0.03631826401487298
395,0.051247421534053324
396,0.0664520581474085
397,0.09696670764940604
398,0.09866155468540336
399,0.09634987946609047
400,0.08853660745436269
401,0.07454279160310301
402,0.0725465860291132
403,0.045166280561896366
404,0.027243851200848757
405,0.017766869497303186
406,0.014953924283276597
407,0.012491480369917462
408,0.008611088390947635
409,0.0052541355390529326
410,0.005368533514187837
411,0.0020788483626962987
412,0.005939894916906791
413,0.018721040221628286
414,0.029759874985962123
415,0.039685227106754796
416,0.058178050653934
417,0.07066680241496914
418,0.08109303171396218
419,0.07986385035976003
420,0.06873609382077281
421,0.05092318677642083
422,0.03256858460423641
423,0.015389631150323827
424,-0.008774468926106564
425,-0.03261237666806133
426,-0.03858681166235597
427,-0.046146569817753814
428,-0.019729748329909008
429,-0.002499817214457833
430,0.035541817587553926
431,0.05342743461698768
432,0.06651396584958356
433,0.05111110205361782
434,0.05717093118564997
435,0.04662202968045647
436,0.05548171531638118
437,0.04564999452303969
438,0.036785671372444595
439,0.03811291292023155
440,0.04946415180379417
441,0.06113045182242594
442,0.08233028885713317
443,0.09103790303601923
444,0.09282836490594291
445,0.1045159397441889
446,0.1003015451696697
447,0.09624139993006875
448,0.08694862864299135
449,0.09847530491245758
450,0.12773776742430054
451,0.17843281659142268
452,0.20366272523716883
453,0.19579413128412002
454,0.1730800498431077
455,0.1683721854506986
456,0.16355809648001174
457,0.155924573950101
458,0.0992685392428695
459,0.07544586317292634
460,0.06594463437299908
461,0.05422405705121182
462,0.03989369923745252
463,0.04013417493247211
464,0.03380270403690308
465,0.022675108914851517
466,0.01752306276619236
467,-0.0018825738485817815
468,-0.01257222163293983
469,-0.0025997318902703298
470,0.0015783821803549468
471,0.010222771428473734
472,0.017406732300319184
473,-0.0037915424716948257
474,-0.02556426666276578
475,-0.04013460147215798
476,-0.04832596265556374
477,-0.0716615150831307
478,-0.07241173619695654
479,-0.07932147740670766
480,-0.0892248039446209
481,-0.0846741837354118
482,-0.07660457850490025
483,-0.07773747576694555
484,-0.06275981423201733
485,-0.036927957986392514
486,-0.0015485778723242326
487,0.016689604748218293
488,0.042549000538264235
489,0.05838955299833511
490,0.051886074633067505
491,0.03989662338074677
492,0.0237170574739348
493,-0.0022043882421786606
494,0.007433443644707952
495,0.009916688125619777
496,0.0077067474844188764
497,-0.023311935067116075
498,-0.05228695785393121
499,-0.07812580736437355
500,-0.0829974070263597
501,-0.08875321809841008
502,-0.061297232412678426
503,-0.05355506184751497
504,-0.05761453957524076
505,-0.06958510245096083
506,-0.08428968108450895
507,-0.08729247712060334
508,-0.08228831975148526
509,-0.06356623087153583
510,-0.044891128690532946
511,-0.05149991807568065
512,-0.026067900214138823
513,0.03379529026899282
514,0.07310992209331026
515,0.0785155421089228
516,0.07281751203727266
517,0.05552278195351475
518,-0.01695178684137197
519,-0.08117852417882666
520,-0.1261495389518147
521,-0.14713175592073938
522,-0.18650316431396677
523,-0.1937399645216876
524,-0.19295017430130357
525,-0.20191948366037385
526,-0.17849308815650425
527,-0.15899498356688
528,-0.1345814669419784
529,-0.11007978934946748
530,-0.07313021701201058
531,-0.04644053775453638
532,-0.01931265301030136
533,0.01128009199905092
534,0.026534395852092107
535,0.017268623053549346
536,0.013962580417670976
537,0.001005822101800752
538,-0.017412581270792538
539,-0.028231616228448126
540,-0.040703231471022956
541,-0.05334943933454827
542,-0.0472873751748758
543,-0.029364210446159306
544,-0.006815734319402759
545,0.0276340300499147
546,0.06754476218722374
547,0.09216559312042691
548,0.09441782167930445
549,0.09422051937477464
550,0.07622776716143383
551,0.06525478623735625
552,0.047905550872472974
553,0.03882887479264689
554,0.022616587558381442
555,-0.012087727810849127
556,-0.056467044057937864
557,-0.0813746564077791
558,-0.10959901183241985
559,-0.1133898198643652
560,-0.11293693603596475
561,-0.10847312401473765
562,-0.09796353751963928
563,-0.08141051327138916
564,-0.07128996361926387
565,-0.05656019909476792
566,-0.019316637343876602
567,0.01169110097805624
568,0.027890695906759643
569,0.04160070261778497
570,0.0445453042382716
571,0.010635208849711022
572,0.001170309384808158
573,-0.004482854589462977
574,-0.011427262348862488
575,-0.024862032544944533
576,-0.03236932054052446
577,-0.040559663069540744
578,-0.05689815006620223
579,-0.10007179695794102
580,-0.10806376673549874
581,-0.11783116867582222
582,-0.12619994955599295
583,-0.12100313138265659
584,-0.09862452217410322
585,-0.08240245426496796
586,-0.06244502809246024
587,-0.05840617391692388
588,-0.05369767007787092
589,-0.05595709774197913
590,-0.0516172294958736
591,-0.04434626727625028
592,-0.04411621616291046
593,-0.030805642204309737
594,-0.01368903680284383
595,0.014719463412689609
596,0.02320644698541767
597,0.030163106302316476
598,0.029073637979343255
599,0.023997245799571146
600,0.009687975493691992
601,0.003341561931223117
602,-0.004520471096525286
603,-0.008288416390030732
604,-0.012813313615023449
605,-0.0010554761550445192
606,0.00607758273295168
607,0.0100811205557418
608,0.02637383147760341
609,0.041564878581876526
610,0.04758816236672529
611,0.051496396751427295
612,0.057529762776786744
613,0.04535377791059224
614,0.03952200435027796
615,0.03134165766452483
616,0.022551150976418067
617,0.006533286678038817
618,-0.012642640808906792
619,-0.033696164237617815
620,-0.033124576262522895
621,-0.04706738699703432
622,-0.028753275241952505
623,-0.0092084371687056
624,0.010452643205372826
625,0.005983567275440468
626,0.005680325028750815
627,0.007438167751063536
628,0.003955099598250055
629,-0.01072994639156926
630,-0.026698337324890478
631,-0.04909980317668075
632,-0.06330180251933135
633,-0.09642313674342821
634,-0.08851009666550054
635,-0.08248374387136542
636,-0.07649023226585083
637,-0.07489846686904116
638,-0.05233427349946257
639,-0.032788247783714
640,-0.015027193000359294
641,0.01613717383230178
642,0.03819195910684111
643,0.03538512510830424
644,0.040122429593635406
645,0.04641405208763445
646,0.03680088100709237
647,0.021077855556114515
648,0.006577974649656868
649,-0.02231691663584697
650,-0.038239915658560455
651,-0.06669768958369984
652,-0.052399459452307284
653,-0.04008014810117378
654,-0.029902321615333294
655,-0.022804973726918816
656,-0.021708594179352274
657,-0.013170346810022215
658,-0.012474003410137763
659,-0.02004149239224936
660,-0.03169931426898373
661,-0.04928628090856591
662,-0.06873273912498054
663,-0.08604840126500315
664,-0.07529711000557163
665,-0.06402019749551907
666,-0.06033267451661634
667,-0.05755358481225967
668,-0.04816809500817793
669,-0.03747109911847832
670,-0.024169004072452722
671,-0.009217270654608235
672,0.004988326320857722
673,0.013154323689700887
674,0.010494074419265873
675,0.0013052881672556463
676,-0.01774036476054913
677,-0.03301529378201303
678,-0.04028725644413856
679,-0.03320864893489711
680,-0.014315808390205355
681,-0.008345577899551176
682,-0.003502971852214142
683,-0.004650462067323977
684,-0.005856191844966557
685,0.011257483039365801
686,0.01548530008826674
687,0.02818718928836875
688,0.025843618351042607
689,0.026932216917370272
690,0.0284052345366191
691,0.0329516954476678
692,0.04177003551980328
693,0.05326336624034622
694,0.06255372832393484
695,0.06252461388962838
696,0.0632124463766815
697,0.06506494684464732
698,0.07114579067575355
699,0.06765022194123571
700,0.06918513101202525
701,0.06128982233367546
702,0.036429730092480475
703,0.010093767705067161
704,-0.003365084211581983
705,-0.029958139386664577
706,-0.04457880225193521
707,-0.061979101835878
708,-0.0719210738146544
709,-0.08222125234696834
710,-0.0967581115964216
711,-0.10773288470259743
712,-0.09475531208781662
713,-0.08515407805631738
714,-0.07901128009363652
715,-0.07299004073650628
716,-0.0642070213180873
717,-0.0656805748554669
718,-0.05947370556878956
719,-0.048689154502160596
720,-0.03922046348391485
721,-0.025513964257560307
722,-0.020862133339950864
723,-0.0196091752075559
724,-0.021818570106807288
725,-0.020686464916531564
726,0.0013020708629314548
727,0.01689168469827366
728,0.034288492786241784
729,0.053521359768563016
730,0.069835541441498
731,0.06332906197343097
732,0.061316373528229225
733,0.054984067829512887
734,0.04067136929814726
735,0.019657040785630922
736,0.0003556344102081232
737,-0.02179881692454315
738,-0.04165471191025322
739,-0.06367142004604025
740,-0.054717549576931035
741,-0.05073465586307362
742,-0.05135844737514502
743,-0.05161973864275402
744,-0.04792146315342344
745,-0.037626255541932795
746,-0.02375904121032818
747,-0.014841275195598875
748,-0.012346305952520236
749,-0.00842070218223804
750,-0.007642983967740571
751,-0.011041369214766991
752,-0.011756284407491976
753,-0.005897455779843917
754,-0.005064023721805097
755,-0.005662297137142264
756,-0.0071107029767225275
757,-0.007731054278439853
758,-0.011817161574912482
759,-0.015688932879706494
760,-0.018704954613934476
761,-0.011136769442082153
762,-0.00640670127531561
763,0.0036298751747787833
764,0.012333317804206854
765,0.016678193308715332
766,0.005714954604165675
767,-0.0034183494179112076
768,-0.01117543727674073
769,-0.015219217876497512
770,-0.014544759797203486
771,-0.011115352163294264
772,-0.007867244029279592
773,-0.005135920024603095
774,-0.005986855031300958
775,-0.005656534387791854
776,-0.003963297194378529
777,-0.003513721452102503
778,-0.0043193323959444105
779,-0.0028132077392443713
780,-0.00047728774657988414
781,0.0006605360491402161
782,0.0011133985883773389
783,0.0020205051743648994
784,0.0007960879348406732
785,-0.0028920999816118708
786,-0.006558038041641092
787,-0.00883099699794346
788,-0.012133986886488299
789,-0.01325304679383058
790,-0.011620603575541611
791,-0.007817043610013934
792,-0.001785648938050663
793,0.00022117971606986416
794,-6.210151595870583e-05
795,0.002208047601866084
796,0.013740472970365231
797,0.02773645992866974
798,0.04153287205442062
799,0.05144211161627087
800,0.061299820171587235
801,0.07806993227301998
802,0.09409041617510322
803,0.10857998940589651
804,0.1353140903410565
805,0.1460786771873135
806,0.14892541694926284
807,0.13190311243298194
808,0.12065678403639656
809,0.07845758633279737
810,0.04874325255656351
811,-0.00047616289863895885
812,-0.0423790148203821
813,-0.10359926250636035
814,-0.1516765136520806
815,-0.1515322852912142
816,-0.13861317124192687
817,-0.1371403491177707
818,-0.10479109949479494
819,-0.07710136098403762
820,-0.05258012269561603
821,-0.03856989617732124
822,-0.02521240747935611
823,-0.03187044870103699
824,-0.0398562754641259
825,-0.04683358086084545
826,-0.04397197779972019
827,-0.05549165026707048
828,-0.08190497402237322
829,-0.10846978334627556
830,-0.14264708983159288
831,-0.17809676949214648
832,-0.1887379755020517
833,-0.17867480782319933
834,-0.1565419561983533
835,-0.13657334668219326
836,-0.11038892343595186
837,-0.09116051617287166
838,-0.08411593333709208
839,-0.06762187857415917
840,-0.061208075131962844
841,-0.05710531922524173
842,-0.05540579477927031
843,-0.050688336193059194
844,-0.05863273388759763
845,-0.060291752745477656
846,-0.07146739452852824
847,-0.07519834066892214
848,-0.08442880748807027
849,-0.09224345397300739
850,-0.09220300459374473
851,-0.09206818557261102
852,-0.08100053132010786
853,-0.056165213840593475
854,-0.036806820992564514
855,-0.015954298514073463
856,0.008552028869879887
857,0.014542651455655638
858,0.01353674394390852
859,0.012940840649315315
860,0.009673738571788453
861,-0.004176221353937972
862,-0.013788964208302314
863,-0.021873129707227913
864,-0.03170883380668886
865,-0.05351384274195778
866,-0.05543860106874987
867,-0.04757458814423018
868,-0.04738336500016798
869,-0.04757812865693165
870,-0.04445129856532996
871,-0.037229873784054845
872,-0.030165324184029018
873,-0.026381589319443566
874,-0.024178980103232564
875,-0.024958854625933495
876,-0.038750976674490956
877,-0.03953463659205643
878,-0.0373373877327333
879,-0.03792339172391933
880,-0.03429150711635187
881,-0.028933138741801857
882,-0.03743172197051422
883,-0.04632161937106564
884,-0.0508862914463121
885,-0.050532662147926316
886,-0.04287104245730878
887,-0.03588851248556399
888,-0.027758717750371618
889,-0.021276650382363187
890,-0.0182151492669433
891,-0.017180629068143268
892,-0.024281828448200957
893,-0.03125395691670488
894,-0.033480753342959385
895,-0.032180579290797706
896,-0.01889909815545608
897,-0.01965403074821147
898,-0.0016360665016988216
899,0.011995065944561923
900,0.023076269523116085
901,0.04208867290609953
902,0.05300363397804495
903,0.044757867036155405
904,0.04134814204829834
905,0.03826684475277803
906,0.04012488573946708
907,0.030640104512454275
908,0.02102008378603063
909,0.006006101269452271
910,-0.008227688102334142
911,-0.03941712726301156
912,-0.03707627957793568
913,-0.03076216415846248
914,-0.0256338835945781
915,-0.01769802917035753
916,-0.01247853668811563
917,-0.011009717687476557
918,-0.014235603390461541
919,-0.01550484768154809
920,-0.015990431841503467
921,-0.01725370263200715
922,-0.014065323473574524
923,-0.010071701512837806
924,-0.007284463206762352
925,-0.004795238328724616
926,-0.0004146869304397752
927,0.005278004018401417
928,0.007246868598752089
929,0.004908085730120379
930,0.004363203305015169
931,0.0012778071003058935
932,-0.003028444674194076
933,-0.0033183347568900155
934,0.0027760565986738265
935,-0.006138820672090817
936,-0.014321123682718593
937,-0.003731120691901976
938,0.005936942417564
939,0.039704515203614094
940,0.04343608052022944
941,0.04038189103653401
942,0.042286216548323735
943,0.039051694464104274
944,0.048102592968963596
945,0.05187129134598091
946,0.05217629097570014
947,0.04704145034951939
948,0.04987771653155221
949,0.03729873591455473
950,0.027572995712952925
951,0.017560167529557292
952,0.012730144405928439
953,0.0036981764407059674
954,0.0028478632156070808
955,0.0007952292938033759
956,-0.0024454323612382134
957,-0.0024704887140540926
958,0.008264791453724878
959,0.014869671340144603
960,0.023589605553684438
961,0.02606334001154544
962,0.02743061728676388
963,0.021175362122345408
964,0.018814804717345028
965,0.016289600053486897
966,0.009468655573066101
967,0.0013132128755035536
968,-0.00045141479468969407
969,0.0038449009762406123
970,0.01330521009373455
971,0.02449060209972749
972,0.031928457825350934
973,0.04242271026066348
974,0.04297056163851921
975,0.06513212329983524
976,0.07994829062092927
977,0.08401201948297306
978,0.09802372135431305
979,0.08504562606557928
980,0.08685629323493983
981,0.08431586991899315
982,0.06095623344901618
983,0.044796966726464216
984,0.030174176506233757
985,0.018686569247160875
986,0.0042192554359679465
987,0.014014734905875483
988,0.02196866481422701
989,0.02103579212579682
990,0.012966186932564933
991,0.015410086979027038
992,0.015517349495447851
993,0.029795511943534646
994,0.022491352037729853
995,0.012707703427770197
996,-0.0030118364844998204
997,-0.006871028186013442
998,-0.009378879744396957
999,-0.00769862594337088
1000,-0.004787270983332963
1001,0.001671679247581775
1002,-0.0005021956412473596
1003,-0.001291109258289758
1004,-0.004733186994924352
1005,0.00015187673698114062
1006,0.002796356558673144
1007,0.00841426979582146
1008,0.0001658109886093686
1009,0.0029555302209085463
1010,-0.0027372932259041964
1011,0.01677640282647053
1012,0.04462847967206477
1013,0.06017345781766903
1014,0.07037168273237555
1015,0.07888950451333765
1016,0.08042156180633515
1017,0.08465746467467433
1018,0.09715044950025216
1019,0.10280953734094024
1020,0.07729896109322543
1021,0.0749976734103545
1022,0.05173021571618776
1023,0.033684443865746046
1024,0.03238018930771987
1025,0.025359296153246016
1026,0.0012166159158381795
1027,-0.00699741361144344
1028,0.0021419104675294643
1029,0.004078389479593894
1030,0.0013435849431355507
1031,0.0026708412948902565
1032,0.007760173037813902
1033,-0.00405252864171788
1034,-0.021710193388579258
1035,-0.01337578307745409
1036,-0.02191879577635703
1037,-0.01935402497948771
1038,-0.008715423311890264
1039,-0.019019363868187866
1040,-0.013399522471517426
1041,0.003937806510091488
1042,0.005156427192688659
1043,-0.008600671755366707
1044,-0.00837971222986322
1045,-0.03175409806152771
1046,-0.04945992724726932
1047,-0.0532454504860151
1048,-0.05181061994564495
1049,-0.04540205866159818
1050,-0.04810140354462704
1051,-0.04313545730451944
1052,-0.03097784341237114
1053,-0.020575874880647903
1054,-0.005625420404604711
1055,0.000524457903470677
1056,-0.0031986687971558674
1057,-0.003940018618332111
1058,-0.00613192460491087
1059,-0.003107113688603079
1060,0.010707391300360442
1061,0.03067313055525562
1062,0.04315429421164612
1063,0.04289355872289755
1064,0.04484718301334661
1065,0.0355250532130614
1066,0.015506154310344088
1067,0.0004227144513486653
1068,-0.006734169825865092
1069,-2.9496610440105098e-05
1070,-0.004988591243174962
1071,-0.0014787035681117326
1072,0.006995827343134085
1073,0.00944160751561693
1074,-0.011581516186601757
1075,-0.022046115706095094
1076,-0.02219624966683776
1077,-0.028956171894143665
1078,-0.040014481356903914
1079,-0.03026096171696091
1080,-0.02601885656751301
1081,-0.03895321249605375
1082,-0.035573003344599056
1083,-0.022065023313391042
1084,-0.012953358134657084
1085,-0.008861654465593038
1086,0.00019682788158154513
1087,0.004364635630998749
1088,-0.009121158012570659
1089,-0.024316577148965228
1090,-0.022860994705942328
1091,-0.020807353585022673
1092,-0.015396623186348646
1093,-0.00298284977832373
1094,0.001806345928575735
1095,0.004214307580545689
1096,0.009065419839343598
1097,0.007982453895707082
1098,0.00581549372087813
1099,0.003988268830300144
1100,0.001576013870043787
1101,-0.004062938594579388
1102,-0.007654794674163307
1103,-0.007146891486289554
1104,-0.006179028221509593
1105,-0.009906272766157676
1106,-0.011081099337968808
1107,-0.013463241571634178
1108,-0.020688045935229913
1109,-0.02794700535847113
1110,-0.0176695455948818
1111,-0.010222432674439237
1112,-0.000312783072932336
1113,0.012998559033056654
1114,0.022507028815447996
1115,0.016343326119594152
1116,0.00772768728421357
1117,-0.006114573581178628
1118,-0.01831514179266215
1119,-0.034356046831422474
1120,-0.052573189978830835
1121,-0.0681203570675221
1122,-0.08197509584198516
1123,-0.10661404640691667
1124,-0.09135256740920197
1125,-0.08066767341708249
1126,-0.06984540771740022
1127,-0.05867807170483583
1128,-0.044215187309784514
1129,-0.02957249631865793
1130,-0.020036761897471226
1131,-0.009280027200970698
1132,-0.004072327329116996
1133,-0.0011103343546464096
1134,0.003494239669635527
1135,0.009496535269632029
1136,0.002603627461338928
1137,-0.007072447659820638
1138,-0.011566541686935472
1139,-0.0036515246198002994
1140,0.003953212562655902
1141,0.007980241891128285
1142,0.00691227964645523
1143,0.0050111795901561385
1144,0.002280891165056779
1145,0.0072162009635760565
1146,0.030458821932291772
1147,0.04077689643941633
1148,0.039509858852777045
1149,0.029824779050153172
1150,0.02805631316206143
1151,0.016881904305001326
1152,0.008484468906859919
1153,0.0006751426396930521
1154,-0.003993296932145764
1155,-0.003680567548871393
1156,-0.00013163493876717624
1157,-0.0061495569323840905
1158,0.0003735599062301791
1159,0.0022847186842171463
1160,-0.0036792256556450035
1161,-0.00665521039243522
1162,-0.0011828010513756403
1163,-0.0055876069768978215
1164,-0.010540118408321354
1165,-0.01222298894862223
1166,-0.014956827503347907
1167,-0.026685724382180614
1168,-0.026165223261464334
1169,-0.014049255485973161
1170,-0.012375399173303202
1171,-0.006407410446668361
1172,0.004963713777157618
1173,0.00504244357632222
1174,-0.01279410536725551
1175,-0.019991474357024173
1176,-0.04126442867681629
1177,-0.05341854147271231
1178,-0.06731253523108244
1179,-0.06128349863648916
1180,-0.056846596529066276
1181,-0.04760537801009805
1182,-0.034442060066369976
1183,-0.029830870752687342
1184,-0.02749544805293259
1185,-0.027148001103240366
1186,-0.028445700175298513
1187,-0.023490622310315
1188,-0.01807693317331606
1189,-0.014819835929156677
1190,-0.01807331261135592
1191,-0.012432331942274054
1192,-0.011312204149940509
1193,-0.005424338461581865
1194,0.00801766382035607
1195,0.0034547535320563253
1196,-0.0012331860026057666
1197,-0.006040464618276012
1198,-0.012853276225846628
1199,-0.036425081877300536
1200,-0.029301088800601355
1201,-0.01979608649512429
1202,-0.009779016091436452
1203,0.0021767851199338065
1204,0.00947395926670682
1205,0.008903097576749106
1206,0.003949664720864593
1207,0.0017113695113545936
1208,0.000719462419031771
1209,-0.0007240753241378995
1210,0.006492812279729114
1211,0.006094203101781063
1212,0.003465044998199509
1213,0.0003715044624825192
1214,0.0008196773837851456
1215,-0.00877785325621536
1216,-0.0012443208902727203
1217,0.014952326515802907
1218,0.026991219003276244
1219,0.04058278278344216
1220,0.04013815221902199
1221,0.04068835465085993
1222,0.027602678608588033
1223,0.025233974652620617
1224,0.02776626552626678
1225,0.0276347214519671
1226,0.034386065065156866
1227,0.02932518416951467
1228,0.023726861367369484
1229,0.014907215451185842
1230,0.009385174098331475
1231,0.011066259636210964
1232,0.00941198804640857
1233,0.012251591975045216
1234,0.016438162003727046
1235,0.017855146987239556
1236,0.011023021657108039
1237,0.010370566438196813
1238,0.007598378670837364
1239,0.010259397908072449
1240,0.022399054261168158
1241,0.02179070435774632
1242,0.02277669068631066
1243,0.025843645284753018
1244,0.020619549932074217
1245,0.01882141951396963
1246,0.019431909050911186
1247,0.01894109587365946
1248,0.016990912297338
1249,0.026999957160899226
1250,0.027176256242844747
1251,0.024112445800530187
1252,0.023496889817702277
1253,0.01366118450860106
1254,0.006785021390248955
1255,0.0031296194035872952
1256,0.003027525088846399
1257,-0.006931157531846999
1258,-0.0019132392109244768
1259,-0.0032981403153127687
1260,-0.003905809838551748
1261,-0.00766925698007226
1262,-0.008909522002503783
1263,-0.018550208889446397
1264,-0.02432126909587523
1265,-0.022580143596924722
1266,-0.023273234183734316
1267,-0.018960883943854846
1268,-0.006475390976285498
1269,-0.006231639717848883
1270,-0.012536944975602154
1271,-0.014093087333006208
1272,-0.011099993994035105
1273,-0.02147760392962702
1274,-0.03155036869517702
1275,-0.04363003707840128
1276,-0.053443985865273935
1277,-0.0617212819757154
1278,-0.06066395421998369
1279,-0.06508432653306973
1280,-0.009046256189647888
1281,0.008004163988266698
1282,0.0399558862751212
1283,0.07670622093345247
1284,0.14586869137384856
1285,0.08180377512949065
1286,0.058919607167156475
1287,-0.006366593440961816
1288,-0.058063204227411146
1289,-0.13086701736083337
1290,-0.14282120357789665
1291,-0.17987048048810053
1292,-0.19865757368797715
1293,-0.24643450174475323
1294,-0.2233252732257223
1295,-0.19600801325903766
1296,-0.15878803219646537
1297,-0.11943949217656703
1298,-0.09669968255771745
1299,-0.07336190002870907
1300,-0.06711305402936202
1301,-0.06724227883266337
1302,-0.07446002842250544
1303,-0.0686377026050932
1304,-0.05922396664382272
1305,-0.052037152441442705
1306,-0.040355465639940996
1307,-0.02959671247282983
1308,-0.020925053869817547
1309,0.0031507216600564283
1310,0.01311767590256282
1311,0.016035569506168117
1312,0.022753632224233437
1313,0.027302099111299702
1314,0.028657371459350562
1315,0.018456533293776663
1316,0.013419840524281516
1317,0.0015465739744572695
1318,-0.0053334926842309675
1319,-0.010692685700798173
1320,-0.0024084534720313915
1321,-0.004023276687828266
1322,-0.0017199836585626927
1323,0.0006133680178840827
1324,-0.0004383844272777236
1325,-0.001144536357419984
1326,0.01099937947330844
1327,0.026083646430543055
1328,0.02811291524768592
1329,0.0361842345920542
1330,0.04716531041315432
1331,0.0493581022894935
1332,0.06803172756714354
1333,0.06248411447820581
1334,0.05310913848939804
1335,0.05070467973744285
1336,0.03607814310965974
1337,0.02440272598985977
1338,0.02217119889429565
1339,0.032313804003646696
1340,0.05153572011026598
1341,0.050465171805702994
1342,0.042834074074485404
1343,0.02782579228178656
1344,0.015371135450213402
1345,0.00430208125313172
1346,-0.007596945682168014
1347,-0.011057412047835408
1348,-0.009836325438013695
1349,-0.016097055515915053
1350,-0.01801379569672875
1351,-0.013513775788199258
1352,-0.010198078321953827
1353,0.0028417276980494434
1354,0.00858073441911648
1355,0.009451097340847966
1356,0.009965147026361806
1357,0.007404298485853224
1358,0.0011181357454243535
1359,-0.003362998542807395
1360,-0.004525725117312109
1361,-0.010117083426838789
1362,-0.0017848002575319446
1363,0.011621203210759568
1364,0.01748457670420963
1365,0.02576384286611424
1366,0.026995891778626928
1367,0.01427311284487952
1368,0.006180669827579006
1369,0.0024667179911842282
1370,-0.006914680020010578
1371,-0.006324060700987824
1372,-0.007546826869310389
1373,-0.010776495980654542
1374,-0.009922341369796039
1375,-0.011186235161511088
1376,-0.013330901151616226
1377,-0.010445142169955752
1378,-0.006497383705876413
1379,-0.00454735306672448
1380,-0.004891342878532686
1381,-0.0009280784441993962
1382,-0.007843682858194301
1383,-0.014588424794866175
1384,-0.021181245167491734
1385,-0.014075507772372714
1386,-0.007687071187234173
1387,0.0009085671179498574
1388,0.00522121657467977
1389,0.002306914892802555
1390,0.0016048134597947564
1391,-0.0015041215740006384
1392,-0.0042343237716333925
1393,-0.005660983985948033
1394,-0.006641501038608643
1395,-0.008820724167638625
1396,-0.01252424704295026
1397,-0.01854315064180427
1398,-0.014157436734852754
1399,-0.005602874191193598
1400,0.00032479743142951943
1401,0.004700296495521645
1402,0.0050724439242236605
1403,0.005675852918591333
1404,0.0016296775126911803
1405,0.00025865302479549635
1406,-0.00041839428318022194
1407,0.0005430309203449243
1408,1.742603405294088e-05
1409,0.0009630235752337323
1410,0.003003911356077621
1411,0.0026181381602208387
1412,0.001196218964660478
1413,0.007959291170183569
1414,0.01978429209260599
1415,0.03234334214399212
1416,0.04844720683956544
1417,0.051517511749520024
1418,0.05642156347978848
1419,0.06387331258469432
1420,0.06621474819313278
1421,0.06944792550433206
1422,0.041046513322952165
1423,0.030677026882229848
1424,0.026589212557318272
1425,0.029555515448867028
1426,0.027558709671203826
1427,0.021478133798989503
1428,0.011669881952171182
1429,0.005581899410662548
1430,0.00028549056426623774
1431,-0.0010743966827449218
1432,0.004502735389345936
1433,0.005207535724851171
1434,0.0064075600929696976
1435,0.008764936894799551
1436,0.012718291407888282
1437,0.009406920131244629
1438,0.0037920423084339813
1439,0.0027779405471904115
1440,0.003506036689651798
1441,-0.0005337845930966992
1442,0.0027100620770772665
1443,-0.0016915382403583279
1444,-0.006230295967608121
1445,-0.01275060866145766
1446,-0.007759138449222486
1447,-0.009336635515148534
1448,-0.005913841239488064
1449,-0.0051769237067212474
1450,-0.0009464828182618775
1451,-0.007170619139016392
1452,-0.014682546556125187
1453,-0.025554837240811517
1454,-0.0311617081573397
1455,-0.027875725597378866
1456,-0.027768932779611566
1457,-0.02232478669343887
1458,-0.014160342993935256
1459,-0.008829581901990229
1460,-0.01310494532982171
1461,-0.008008734805154927
1462,-0.0073601428746783125
1463,-0.006703548708642037
1464,-0.00826316716430079
1465,-0.011807578678785615
1466,-0.020332053478978405
1467,-0.030174041502558306
1468,-0.03416419917684957
1469,-0.010844945779277896
1470,0.005230268392271375
1471,0.00897196676244699
1472,0.006464575140628695
1473,0.005497734278327709
1474,0.0014462306257195245
1475,0.006452220420784553
1476,0.004472541426794104
1477,0.0055134161370289335
1478,0.0013548465876292253
1479,0.0009017834572210399
1480,-0.0031586949934032135
1481,-0.0032239909291566127
1482,-0.005080276191661897
1483,-0.005696889555912838
1484,-0.005645880552131655
1485,-0.008124126109345374
1486,-0.004638162731484282
1487,-0.0009147048099820286
1488,0.0041482034155126525
1489,0.008862963480760822
1490,0.011085122302801885
1491,0.015593993295047504
1492,0.020852990541330607
1493,0.022060192314121558
1494,0.022221299937017165
1495,0.02344170267541871
1496,0.02225541434750841
1497,0.014761272487144298
1498,0.013018697067493215
1499,0.013045331495416522
1500,0.016292204923749585
1501,0.024392082454887096
1502,0.038783053731565015
1503,0.044565067966102
1504,0.04734946835667106
1505,0.055064377393416644
1506,0.05134185936281989
1507,0.04937062845411827
1508,0.035118418797616
1509,0.020675628592172198
1510,0.01960650266953047
1511,0.021535688688925705
1512,0.021460117735328913
1513,0.02369134256940146
1514,0.02175799495003069
1515,0.025229961235334917
1516,0.03296479280513998
1517,0.04835581467977921
1518,0.05099109730979885
1519,0.04771946511747469
1520,0.05385477515938756
1521,0.043408994003161006
1522,0.04030732151187795
1523,0.02475896668225113
1524,0.02311895118514589
1525,0.018936893143623536
1526,0.025621607095156197
1527,0.034110811876619476
1528,0.043219644465118154
1529,0.05265487378299734
1530,0.051317725469168324
1531,0.054788182591198706
1532,0.060580819040829945
1533,0.05482142256881445
1534,0.04476727899966873
1535,0.027691203563440223
1536,0.014842709875533659
1537,0.0015905516010233391
1538,-0.01815061073012022
1539,-0.015455709939440605
1540,-0.007570853754709556
1541,0.004881926901691925
1542,0.022115557509121204
1543,0.02970872380636764
1544,0.03251402460433917
1545,0.027496899894023923
1546,0.015930607331978354
1547,0.011009181856829604
1548,0.004803003370423456
1549,-0.008734726134617888
1550,-0.015046710190981572
1551,-0.010435751846552637
1552,-0.015959229187051314
1553,-0.013197283353891007
1554,0.0006672751080209951
1555,0.01431027056036954
1556,0.025512991760704862
1557,0.045989250456979644
1558,0.0749051517416717
1559,0.08977243905112743
1560,0.09536904373076488
1561,0.09918185195116969
1562,0.08739568803675939
1563,0.0733422986667479
1564,0.05221304469905289
1565,0.02465230037986287
1566,0.024783976571956946
1567,0.034696813123478144
1568,0.05158742076553109
1569,0.0568753635466704
1570,0.07260185650038498
1571,0.07846896966963125
1572,0.08482792093413741
1573,0.0847131951475238
1574,0.07755531419766822
1575,0.08916278629922002
1576,0.09394195381961412
1577,0.09917157285860348
1578,0.11164163800482757
1579,0.12336630865921008
1580,0.1290659719808123
1581,0.10907216582553785
1582,0.08739793963245991
1583,0.058682259737245536
1584,0.029406354454660492
1585,0.006007818848343496
1586,-0.0023466605248961448
1587,-0.011380740540805765
1588,-0.01440089124698371
1589,-0.00619953686216389
1590,-0.006157690120008984
1591,-0.01727495640076685
1592,-0.024203318479674135
1593,-0.026542958417154018
1594,-0.04253243680284857
1595,-0.03899199161128115
1596,-0.04725183052437987
1597,-0.042334664404621775
1598,-0.03091300143297101
1599,-0.015422619702892642
1600,-0.028539381737006955
1601,-0.010333495288906914
1602,-0.01926991026157001
1603,-0.009180062011402465
1604,-0.002710059849754468
1605,0.011112953802180765
1606,0.005911432206901271
1607,0.01556956271286855
1608,0.02305998067553537
1609,0.049523063640632345
1610,0.06625788983542064
1611,0.0837579420355215
1612,0.11155523329792678
1613,0.10441451269620491
1614,0.09452394148761353
1615,0.10693485175168478
1616,0.0910961909219301
1617,0.08852022001411379
1618,0.05827698271145566
1619,0.03922481991886361
1620,0.03656852943191794
1621,0.04485408954425762
1622,0.051248723268637844
1623,0.06316495702213555
1624,0.06436885094867731
1625,0.05335746629018732
1626,0.03779680222324783
1627,0.007568337694189598
1628,-0.0013826773048212955
1629,-0.02906469373525352
1630,-0.0322145428596298
1631,-0.026498188632788314
1632,-0.018129791163678223
1633,-0.01168995636188343
1634,-0.00512128512305849
1635,-0.0009912544562027462
1636,-0.007587445058744095
1637,-0.009009860711112934
1638,-0.019030769488992266
1639,-0.013704149219510174
1640,-0.024441003706837473
1641,-0.01222936693330834
1642,0.011573722956654547
1643,0.03101112193606064
1644,0.04467116505054171
1645,0.058403901359242734
1646,0.056158464695429955
1647,0.044503102485289506
1648,0.044486896397290684
1649,0.033976075471815206
1650,0.025864662389190964
1651,0.017074202957659844
1652,0.006877848977882614
1653,-0.010059436308277124
1654,-0.02108091996596949
1655,-0.017005802245247177
1656,-0.022099940674107962
1657,-0.01836390730918184
1658,-0.007986048306083661
1659,-0.004664561555627501
1660,-0.013111933689760187
1661,-0.000478899578324107
1662,0.001977369448049552
1663,-0.0027673832900181475
1664,-0.0005055505025969337
1665,0.005482586718100704
1666,0.004029346041965911
1667,0.011027955157895728
1668,0.010149832077592359
1669,0.004422876845138732
1670,0.00254254504890203
1671,0.008585799267684876
1672,0.0042099647759698796
1673,0.007402548509024016
1674,0.012719786962702378
1675,0.017824214690856852
1676,0.020036074891250262
1677,0.020503469417869714
1678,0.019464282548857428
1679,0.015465640612089146
1680,0.0071753635471983905
1681,0.0017442098585294802
1682,-0.008446169136325971
1683,-0.01749261144807601
1684,-0.02523499073810993
1685,-0.026676490800344538
1686,-0.021461433567984026
1687,-0.023128444389406408
1688,-0.017646164171718614
1689,0.0001373578409390079
1690,-0.00301554153086189
1691,-0.01622473517380897
1692,-0.02278789175310032
1693,-0.031911759710760726
1694,-0.04779138126084919
1695,-0.05013772565190815
1696,-0.0270353572622513
1697,-0.01406588149135504
1698,0.0045738166590118465
1699,0.009637452763625603
1700,0.01539482789609745
1701,0.013298661267772459
1702,0.00901294731527922
1703,-0.009036999152833744
1704,-0.008437915336433496
1705,-0.02176052532994372
1706,-0.010346106304766189
1707,-0.0072713155673316725
1708,-0.008860550689069432
1709,-0.007226548215729615
1710,0.0008747984472113257
1711,-0.008782024181548786
1712,-0.012984072085106444
1713,0.009451964866058715
1714,0.002816260450648319
1715,0.0037172227133084584
1716,-0.006658780822271728
1717,-0.010359877461003527
1718,-0.0509767676348307
1719,-0.0866900820986137
1720,-0.10154445662799334
1721,-0.11129869673761153
1722,-0.13965008981051497
1723,-0.12572025460275205
1724,-0.13286129695123142
1725,-0.12490325149894627
1726,-0.12313234783400989
1727,-0.12150198935404613
1728,-0.13828772501550168
1729,-0.1289674753574141
1730,-0.10841903056377823
1731,-0.09472265092626775
1732,-0.06761429426508336
1733,-0.03205025071762027
1734,-0.02956953767991383
1735,-0.029373596366785902
1736,-0.02913401234233863
1737,-0.029472233712254766
1738,-0.046502261724734796
1739,-0.047344948937166016
1740,-0.05052350427139623
1741,-0.041103492105798146
1742,-0.04327369777661779
1743,-0.014792641664907787
1744,0.003863576949931514
1745,0.016647296990137304
1746,0.03889476936562338
1747,0.056096499805533453
1748,0.05280262820311704
1749,0.04345172867501322
1750,0.051687413244357126
1751,0.035078477252798404
1752,0.003249659150875532
1753,-0.018506006255148033
1754,-0.04909953419342066
1755,-0.07254399789494594
1756,-0.09045745651908964
1757,-0.0761264879914347
1758,-0.06566406379893829
1759,-0.05508572730478067
1760,-0.04161500338903824
1761,-0.0400668331935505
1762,-0.03624288701211848
1763,-0.02364213322077413
1764,-0.01498942516927171
1765,-0.014033257538635475
1766,-0.016090137967960244
1767,-0.014886015176846547
1768,-0.01970788645963969
1769,-0.01759010730898808
1770,-0.012008338706635212
1771,-0.003812516341535359
1772,-0.002913400504989204
1773,-0.011727783016676454
1774,-0.0017955973727102946
1775,0.009178549181235503
1776,0.0028751300404285408
1777,-0.0020270745751426776
1778,-0.010446632031083753
1779,-0.023620199281594104
1780,-0.04413335030401066
1781,-0.042093533552569964
1782,-0.03313573573807214
1783,-0.018530086147990253
1784,0.0011203579427660707
1785,0.015469260158625465
1786,0.026905307234676427
1787,0.03810346008711406
1788,0.04551380411185998
1789,0.06513465435355667
1790,0.06662069679926094
1791,0.06308428663111644
1792,0.048261713466379405
1793,0.0303509184396853
1794,0.018110838647934387
1795,0.010939882544737451
1796,0.014161020961342457
1797,0.02855245612292375
1798,0.03806070412760329
1799,0.03560781762628795
1800,0.03097164729265451
1801,0.025087510311086633
1802,0.022793655543885225
1803,0.02593621205784036
1804,0.032001796037592595
1805,0.029758020471635973
1806,0.02292329793227152
1807,0.017005481764953964
1808,0.008755504616220496
1809,-6.25541513432701e-05
1810,0.008740612394127257
1811,0.008600767439573017
1812,0.013323641304179684
1813,0.011478300552072516
1814,0.00979176854250639
1815,0.0018311938959077556
1816,0.006609169603592404
1817,0.004628285695850016
1818,0.006294180325945578
1819,0.007497259079746604
1820,0.008937003642902662
1821,0.0081056910406723
1822,
1823,
1824,
1825,
