,outputs,gt,train_loss
0,0.0,1324.6,0.0
1,0.0,1324.6,0.0
2,0.0,1323.65,0.0
3,0.0,1321.75,0.0
4,0.0,1310.8,0.0
5,-427.88106263806185,1308.35,0.0
6,-447.23839287176816,1308.35,0.0
7,-465.19680658276775,1308.35,0.0
8,-476.09802849759944,1314.85,0.0
9,-482.65963663753064,1313.8,0.0
10,158.92133041366833,1326.1,9689158.0
11,1401.8586902619281,1339.1,912530.6875
12,1319.5456673502922,1338.65,3630.73291015625
13,1318.6903194489278,1338.65,621.8381958007812
14,1329.391431902055,1338.65,577.1373291015625
15,1345.6205925089453,1340.5,153.73504638671875
16,1351.6053178176226,1327.0,33.40951919555664
17,1337.6770854434508,1322.5,229.4884490966797
18,1333.8371896749595,1318.1,280.93084716796875
19,1329.8130772436052,1322.5,407.9075012207031
20,1327.8984874486923,1322.5,311.45611572265625
21,1322.6508135199547,1322.5,56.3343620300293
22,1321.7441080212593,1313.3,20.75711441040039
23,1319.8158007860184,1283.3,72.77679443359375
24,1313.0231000483036,1269.4,1212.4508056640625
25,1290.1940007805824,1254.5,2498.670166015625
26,1285.782474577427,1258.75,3452.962890625
27,1276.8964484333992,1258.75,2366.75830078125
28,1265.6072191894054,1258.75,650.3507080078125
29,1260.9019482135773,1259.5,176.04299926757812
30,1258.5225509107113,1253.45,48.802520751953125
31,1250.0518098740285,1256.5,30.28778648376465
32,1231.3754463227815,1261.05,48.07501983642578
33,1246.7766669809862,1251.75,333.6229553222656
34,1248.06517547369,1251.75,107.51408386230469
35,1255.319612890482,1251.75,88.42937469482422
36,1254.586384177208,1254.8,73.76631164550781
37,1255.8737744890095,1258.2,69.40504455566406
38,1253.8429816435673,1269.05,38.952415466308594
39,1256.949978943856,1271.65,223.415771484375
40,1260.6424320688966,1266.05,336.76507568359375
41,1263.3923231137742,1266.05,228.37307739257812
42,1262.8580133537762,1266.05,117.32706451416016
43,1277.2542530534265,1265.55,45.941654205322266
44,1270.1318255669466,1269.4,65.06196594238281
45,1266.832945465947,1270.5,14.649378776550293
46,1267.4455307421522,1266.25,22.483762741088867
47,1267.619634723771,1273.0,22.136516571044922
48,1268.743844673867,1273.0,40.94805908203125
49,1268.191094780559,1273.0,35.712684631347656
50,1272.1248135566711,1272.0,41.585453033447266
51,1271.4908212423325,1288.45,37.98768997192383
52,1277.959453701973,1303.75,222.487060546875
53,1281.8803069591522,1301.0,865.2088012695312
54,1288.2313395738602,1302.8,1015.8868408203125
55,1294.2708224058151,1302.8,832.5154418945312
56,1314.8520450480864,1302.8,215.8306427001953
57,1316.0871690511703,1283.05,59.849945068359375
58,1297.3397387564182,1282.35,433.8987731933594
59,1294.3061131238937,1281.4,560.9415283203125
60,1289.7493802011013,1267.5,587.0366821289062
61,1283.0086202174425,1236.45,714.9532470703125
62,1268.834344830655,1236.45,1845.1510009765625
63,1259.9068976061826,1236.45,2447.13623046875
64,1250.5223075585236,1213.6,2120.69970703125
65,1237.616156948352,1226.95,1700.179931640625
66,1212.5407144326746,1229.2,552.7056884765625
67,1229.0979388898268,1226.75,474.4017639160156
68,1226.1577834094642,1211.0,327.08380126953125
69,1209.672766327858,1211.0,359.0159912109375
70,1193.5861431687517,1211.0,431.6951599121094
71,1218.9704426485841,1214.25,632.5020141601562
72,1214.694475398297,1212.25,225.90817260742188
73,1205.7209738044476,1185.35,21.93402862548828
74,1207.1728133845318,1186.1,657.7183227539062
75,1201.51425836391,1187.7,1016.0109252929688
76,1194.3465804159641,1187.7,1021.5128173828125
77,1180.8069877624512,1187.7,610.5128173828125
78,1188.1849615126848,1187.0,35.47153091430664
79,1187.8030389547348,1186.55,10.02989387512207
80,1187.5854075103998,1178.1,3.3975090980529785
81,1183.7733662575483,1161.85,79.43697357177734
82,1158.1159347179637,1173.5,570.2296142578125
83,1176.4264684841473,1173.5,660.3235473632812
84,1174.7983840941597,1173.5,388.9830017089844
85,1172.917570715901,1162.2,185.63137817382812
86,1169.9789060010226,1172.5,202.78179931640625
87,1170.134232699871,1177.65,114.13307189941406
88,1171.0227593111922,1171.05,160.3411865234375
89,1163.8359294926704,1163.6,152.64938354492188
90,1165.3077786564827,1163.6,219.56689453125
91,1169.1767745018005,1163.6,194.5587615966797
92,1171.2271868864336,1156.1,195.8278045654297
93,1163.748500064903,1158.55,154.2721405029297
94,1160.9148622411085,1162.25,71.70437622070312
95,1160.319622112649,1126.95,60.54453659057617
96,1154.1067330784426,1131.6,1088.5194091796875
97,1140.5453451371577,1131.6,1374.897216796875
98,1133.6307090371556,1131.6,1396.1480712890625
99,1135.4379867263633,1136.25,987.4000854492188
100,1131.595250229002,1125.7,126.63749694824219
101,1130.4386218637228,1133.65,69.0641098022461
102,1131.5467527359724,1131.35,72.27422332763672
103,1131.4512218236923,1131.35,69.22205352783203
104,1107.901208549738,1131.35,68.5523910522461
105,1131.698895469308,1131.35,237.53854370117188
106,1131.8126747757196,1131.35,8.242977142333984
107,1131.3023610413074,1131.35,0.21351046860218048
108,1131.3536294549704,1134.6,0.004556000232696533
109,1129.6113172793848,1145.9,10.6454496383667
110,1135.4433536319702,1145.9,210.9044647216797
111,1136.6591667102475,1145.9,301.17401123046875
112,1142.127096795928,1145.9,283.7148742675781
113,1147.2985130915476,1145.9,137.54458618164062
114,1156.0367070688808,1151.0,6.885303497314453
115,1146.7435413182684,1164.25,49.20219421386719
116,1150.593666653498,1176.7,339.60369873046875
117,1157.5819480762293,1175.85,998.2453002929688
118,1164.4550740738196,1175.85,1108.6063232421875
119,1174.8782259225845,1175.85,706.9124755859375
120,1186.1756742596626,1178.5,170.0791015625
121,1187.8484733127698,1189.5,34.43369674682617
122,1179.3586963265552,1178.55,202.44851684570312
123,1180.2526597575343,1205.05,183.9630126953125
124,1185.4981897279504,1190.35,745.90087890625
125,1190.7799285054207,1190.35,631.6085815429688
126,1201.8486050963402,1190.35,464.6561584472656
127,1192.244953751564,1203.0,472.786865234375
128,1208.5135265204008,1216.05,339.231689453125
129,1198.9666248002322,1214.75,802.584228515625
130,1204.5465445016453,1196.05,931.4788818359375
131,1206.4332851076324,1200.55,788.4620361328125
132,1205.7777957376675,1200.55,484.403564453125
133,1213.7901978240989,1200.55,484.169189453125
134,1201.9429046539444,1212.85,321.1541442871094
135,1202.365403579548,1216.8,227.86471557617188
136,1206.7574643784756,1195.0,373.72479248046875
137,1207.3745056125917,1189.7,495.9295959472656
138,1202.6207575798035,1184.85,814.3231811523438
139,1196.0404687092814,1184.85,1188.0435791015625
140,1195.516149525094,1184.85,975.6387939453125
141,1187.8496173685417,1192.8,195.71173095703125
142,1187.1672839671373,1212.8,109.77476501464844
143,1191.9298376593797,1203.65,859.0595703125
144,1197.4758272999607,1221.95,892.6273193359375
145,1184.286023080349,1215.2,1201.2276611328125
146,1206.4120278208575,1215.2,1002.1751708984375
147,1232.4333206451847,1215.2,293.7087097167969
148,1216.072983682796,1226.75,303.72698974609375
149,1226.3846612350317,1231.0,172.8166961669922
150,1221.4703399879654,1242.1,343.6299743652344
151,1227.1147481761873,1236.8,742.3212890625
152,1232.3818039659527,1228.3,622.1492309570312
153,1239.1049398183823,1228.3,281.9184265136719
154,1237.6815210580826,1228.3,234.4789276123047
155,1241.7912499369268,1222.25,252.5857696533203
156,1227.7593360322135,1230.75,209.63577270507812
157,1226.747574708621,1224.4,64.48600769042969
158,1226.5436825174038,1240.55,57.82222366333008
159,1229.0890773707943,1241.95,286.5980224609375
160,1228.6459134697361,1241.95,471.1559143066406
161,1232.6467552185059,1241.95,418.70391845703125
162,1241.1143705248833,1237.3,366.75860595703125
163,1250.6865365501435,1233.2,51.31321334838867
164,1239.3726624548435,1236.65,132.65550231933594
165,1236.8166191956989,1247.9,93.33476257324219
166,1238.4989337459992,1253.65,213.2734375
167,1243.2539929354098,1253.65,492.6062927246094
168,1248.404276862304,1253.65,589.4330444335938
169,1252.008602104499,1257.2,340.77862548828125
170,1259.8418357920455,1255.6,73.96778106689453
171,1260.1669479149132,1240.4,22.451499938964844
172,1251.8747467231733,1238.1,294.53631591796875
173,1247.2487726812687,1226.5,554.1654052734375
174,1243.163284989976,1226.5,1038.148193359375
175,1233.0320788710087,1226.5,900.2117919921875
176,1228.876485923276,1230.95,340.07623291015625
177,1227.8962617572834,1216.65,177.71339416503906
178,1225.7118328403158,1209.2,160.6532745361328
179,1219.5287897447997,1206.55,493.2464904785156
180,1201.1671580698894,1202.65,721.4867553710938
181,1208.1130592418049,1202.65,756.2371826171875
182,1198.6543108906044,1202.65,218.837158203125
183,1203.8131992256385,1204.2,66.48977661132812
184,1203.025275202628,1204.6,26.950260162353516
185,1203.5462045781169,1198.8,11.296638488769531
186,1189.5438865795368,1229.35,31.336715698242188
187,1201.9767015512916,1229.6,930.7374877929688
188,1213.0663564160059,1229.6,1389.233642578125
189,1220.160992593097,1229.6,1427.9927978515625
190,1226.6659066734865,1232.4,1051.698486328125
191,1254.4854880646017,1241.6,71.21965026855469
192,1232.8864399257436,1249.05,315.19720458984375
193,1237.4430177085014,1247.5,442.2083435058594
194,1242.538862352958,1247.5,470.1922912597656
195,1248.8587473315129,1247.5,286.9715576171875
196,1256.6039227396395,1247.5,55.99767303466797
197,1254.3621470382204,1257.55,26.882625579833984
198,1249.162913791777,1257.25,124.70684814453125
199,1252.673639534507,1251.1,186.58311462402344
200,1253.9662262752245,1248.8,163.16331481933594
201,1253.1562191482226,1244.85,147.15113830566406
202,1258.2970585695875,1244.85,197.30686950683594
203,1247.207419372353,1244.85,202.15597534179688
204,1245.8930689994304,1247.25,57.60631561279297
205,1245.7320638895908,1257.65,25.48417091369629
206,1248.578286436532,1245.8,202.1683807373047
207,1249.2638637721539,1252.5,188.6637420654297
208,1244.8417225330413,1266.45,160.4007110595703
209,1251.624681011017,1266.45,426.0538024902344
210,1266.9910121883295,1266.45,572.9681396484375
211,1263.287150492426,1250.05,640.0286865234375
212,1261.7241973177734,1252.9,501.70172119140625
213,1266.7295524250949,1274.3,459.3500061035156
214,1259.4757719642657,1284.15,692.7391357421875
215,1266.2311918760242,1284.15,1366.112548828125
216,1273.7233580705652,1284.15,1709.6748046875
217,1280.3222193972324,1284.15,1066.662841796875
218,1291.6209488114691,1284.15,150.37875366210938
219,1293.840613007007,1278.95,19.741010665893555
220,1282.6518048895668,1279.05,63.311492919921875
221,1281.593009003067,1282.1,51.71025848388672
222,1280.7313835209352,1281.85,43.515438079833984
223,1280.7593976389471,1281.85,30.268199920654297
224,1281.396068222617,1281.85,17.541528701782227
225,1281.7750242288384,1269.4,9.491558074951172
226,1278.9864713670613,1267.8,190.04592895507812
227,1275.0641886801677,1261.85,350.7698669433594
228,1267.9092518647667,1262.8,515.2405395507812
229,1265.9574312840195,1266.45,391.012939453125
230,1264.763841148524,1266.45,88.51573944091797
231,1264.7074680553487,1266.45,48.46636962890625
232,1265.9310051135253,1266.45,38.126678466796875
233,1266.3540552378618,1255.45,16.40717887878418
234,1252.2645174783975,1250.3,153.05673217773438
235,1257.8169226377795,1228.45,439.8494567871094
236,1249.0728540623386,1228.05,1519.7354736328125
237,1241.0050293480745,1228.05,1764.115478515625
238,1233.6813485739403,1228.05,1142.5421142578125
239,1229.4484543314175,1229.8,569.4221801757812
240,1227.8384825364192,1220.4,50.11316680908203
241,1226.9435169699573,1222.95,75.1010513305664
242,1214.8981751895335,1223.15,94.23788452148438
243,1219.2798608467274,1231.25,122.93473815917969
244,1205.351627821583,1231.25,145.11831665039062
245,1227.232506852728,1231.25,323.5172119140625
246,1229.4855108255433,1233.3,123.4729232788086
247,1231.324432958092,1234.2,84.87581634521484
248,1234.029358625412,1257.4,15.11406135559082
249,1238.0429603159428,1255.9,720.701416015625
250,1245.0183637440205,1252.0,1034.7939453125
251,1252.2613243219093,1252.0,852.9797973632812
252,1253.9442478474812,1252.0,482.52490234375
253,1276.41869503232,1258.85,65.37413787841797
254,1252.4655217166292,1260.2,268.7480773925781
255,1255.6976809409534,1252.55,109.0479736328125
256,1256.511753971019,1256.95,104.21321868896484
257,1256.6804594019413,1265.05,74.33653259277344
258,1259.5690947870025,1265.05,124.22853088378906
259,1261.771331249387,1265.05,189.3147430419922
260,1263.1591332719545,1265.05,215.35629272460938
261,1264.6501416151004,1262.7,79.78120422363281
262,1269.080180824385,1266.2,11.012796401977539
263,1264.5768204863998,1264.85,15.804855346679688
264,1264.608112672795,1274.95,9.192808151245117
265,1266.9960458076093,1274.95,141.43429565429688
266,1270.0920871892595,1274.95,223.6005096435547
267,1273.8415811929735,1279.95,186.82752990722656
268,1275.5193103772763,1293.5,174.4841766357422
269,1288.4692469962465,1291.0,422.47564697265625
270,1285.4017160227522,1273.1,556.0382690429688
271,1284.858822466922,1266.55,613.9388427734375
272,1284.813652592129,1266.55,924.9406127929688
273,1286.4485613107681,1266.55,1134.260498046875
274,1267.7580083608627,1266.4,774.0852661132812
275,1266.595978140831,1262.0,67.55592346191406
276,1265.441811978817,1275.5,26.216297149658203
277,1267.168126910925,1254.55,139.53256225585938
278,1262.854992568493,1255.4,300.1854553222656
279,1245.3834502945756,1255.4,423.14727783203125
280,1253.7864204731304,1255.4,570.4205932617188
281,1265.245878368616,1248.15,464.1649475097656
282,1252.9236289560795,1242.2,128.9193878173828
283,1250.4233709573746,1242.5,220.4376678466797
284,1246.6456527113914,1250.8,272.96978759765625
285,1245.6705467700958,1255.7,211.3004608154297
286,1228.895688673998,1255.7,225.6309051513672
287,1252.7141599371244,1255.7,457.60784912109375
288,1254.2618206875704,1245.25,198.09658813476562
289,1253.3634396514608,1249.55,144.098876953125
290,1251.577009230241,1248.0,142.52442932128906
291,1249.2741613621765,1243.5,131.65414428710938
292,1247.2480923362891,1242.25,112.93757629394531
293,1245.6099477936368,1242.25,63.66321563720703
294,1243.7959162095794,1242.25,77.30125427246094
295,1242.7890190316975,1229.25,39.361576080322266
296,1239.5143765484827,1223.75,210.89102172851562
297,1228.465569020933,1220.3,515.5704345703125
298,1228.6686732179078,1224.9,681.41455078125
299,1223.1741428375244,1215.65,460.4046936035156
300,1217.3474793434143,1215.65,139.72549438476562
301,1218.3649284243584,1215.65,111.49458312988281
302,1217.461889386177,1211.9,107.51619720458984
303,1215.1696392595768,1211.05,128.80569458007812
304,1201.329891398549,1218.8,38.358882904052734
305,1210.2580689134484,1218.9,125.6211166381836
306,1215.6083680089068,1230.3,99.8768539428711
307,1219.956389519386,1230.3,370.9074401855469
308,1215.4209109915973,1230.3,431.301025390625
309,1231.5119616832817,1234.1,314.4478454589844
310,1230.6177914939908,1240.75,183.66665649414062
311,1244.8877568312455,1242.15,132.8889617919922
312,1236.792241807154,1238.7,247.51174926757812
313,1239.015655839641,1248.55,166.88307189941406
314,1245.6066677082126,1248.55,147.76913452148438
315,1250.8120963275433,1248.55,132.85475158691406
316,1248.0918629204825,1255.55,151.7154083251953
317,1249.619265023648,1254.4,200.94569396972656
318,1257.8450296579977,1248.1,90.93106079101562
319,1252.533867193095,1261.1,104.22989654541016
320,1253.7623823535396,1264.9,148.96319580078125
321,1263.405947615247,1264.9,287.0404052734375
322,1260.8707824570884,1264.9,387.9947814941406
323,1263.5391567893384,1267.55,339.738525390625
324,1270.4261472327053,1270.95,39.56868362426758
325,1270.8532788591256,1269.6,53.204368591308594
326,1268.6950526016299,1268.1,57.57426834106445
327,1269.3598761584872,1257.7,40.04757308959961
328,1269.8590650911501,1257.7,204.74560546875
329,1266.7093646307767,1257.7,326.7092590332031
330,1260.0178163377277,1258.0,286.5044860839844
331,1257.9682020346809,1261.8,140.9655303955078
332,1258.5140133539244,1271.05,32.89370346069336
333,1261.50283220048,1284.4,234.3684539794922
334,1266.6703301993111,1286.1,892.9219970703125
335,1274.3868043166003,1286.1,1109.9407958984375
336,1275.895144864975,1286.1,777.3253784179688
337,1294.9830896034837,1282.3,302.2048645019531
338,1297.7327472360048,1270.3,56.40907669067383
339,1282.378789000817,1272.75,366.53753662109375
340,1277.3162489174283,1285.15,371.72052001953125
341,1277.0261768156197,1295.8,356.5005187988281
342,1281.4665643677508,1295.8,704.20068359375
343,1287.5011219593143,1295.8,933.9562377929688
344,1292.8522776514,1292.9,621.3511962890625
345,1295.0414634556946,1284.2,139.46954345703125
346,1302.3644655793905,1286.65,161.50399780273438
347,1288.9870103533758,1289.0,228.5121612548828
348,1287.955682029773,1285.3,137.82667541503906
349,1286.8271911935444,1285.3,61.88942337036133
350,1286.5042687251116,1285.3,22.409408569335938
351,1285.9463180166786,1285.3,16.225826263427734
352,1285.4402696997277,1318.65,15.906373977661133
353,1290.0157161883253,1308.5,1321.053955078125
354,1295.8981394767761,1311.75,1536.206298828125
355,1305.475354552269,1320.4,1403.904541015625
356,1311.2422434091568,1320.4,990.9013671875
357,1345.3028074430767,1320.4,208.8502197265625
358,1318.971646064514,1333.1,547.578857421875
359,1322.0341255337698,1335.55,297.78363037109375
360,1328.5260032725782,1337.85,348.72454833984375
361,1331.3290527934005,1343.5,414.9459533691406
362,1336.073365215183,1346.25,397.19781494140625
363,1353.1117122680735,1346.25,183.25265502929688
364,1345.7057345526991,1346.25,194.79815673828125
365,1347.5907887171343,1334.2,76.88734436035156
366,1349.376825928688,1326.5,170.98800659179688
367,1341.238358616829,1327.55,531.27685546875
368,1333.3358115702868,1324.55,586.041259765625
369,1328.8378040492535,1322.85,447.00335693359375
370,1325.5796273052692,1322.85,111.5411148071289
371,1324.130683913827,1322.85,31.89913558959961
372,1323.2957580685616,1312.1,25.332426071166992
373,1320.5607640743256,1309.6,141.49078369140625
374,1305.206744754425,1311.3,273.8948974609375
375,1307.8664469750947,1292.1,317.2918701171875
376,1307.8909767013101,1294.8,651.7603759765625
377,1298.9856225126423,1294.8,566.9602661132812
378,1296.2467382602263,1294.8,496.18218994140625
379,1295.1591089084177,1293.3,325.65753173828125
380,1293.935309055625,1300.05,22.337753295898438
381,1285.0706886850458,1282.55,37.5690803527832
382,1293.2304151661083,1283.35,258.00018310546875
383,1290.0824601796194,1283.1,337.63531494140625
384,1270.6267202082818,1283.1,369.20611572265625
385,1289.593680287071,1283.1,415.60986328125
386,1282.5830935474369,1273.7,31.986614227294922
387,1281.181549618268,1271.25,100.28910064697266
388,1277.8234078999958,1274.25,212.5389862060547
389,1275.0970341727952,1274.5,198.5574188232422
390,1257.6060479710432,1261.8,120.68714904785156
391,1272.0881259736052,1261.8,250.0770721435547
392,1267.5594235575772,1261.8,262.7613830566406
393,1264.5775183327714,1278.75,291.5136413574219
394,1265.7899354532856,1291.4,435.7547912597656
395,1263.8391426503658,1289.25,1116.8740234375
396,1279.2337527871132,1290.25,1289.712158203125
397,1285.2621201872826,1299.6,881.0257568359375
398,1294.9409906566143,1299.6,294.23931884765625
399,1307.227457035784,1299.6,157.67092895507812
400,1297.4663011982484,1303.3,222.15283203125
401,1299.6451113829098,1284.75,123.03401184082031
402,1306.2305845445517,1280.2,297.4070739746094
403,1293.055117277072,1286.4,675.7586669921875
404,1288.5313250952095,1281.2,599.5852661132812
405,1288.4899904901395,1281.2,465.7586975097656
406,1282.5959682277607,1281.2,66.17256164550781
407,1281.9941600685124,1274.9,33.869876861572266
408,1280.3844184038753,1276.45,86.69855499267578
409,1278.3126198228565,1275.0,57.77203369140625
410,1260.5038225981261,1273.75,59.901084899902344
411,1276.0159494336622,1266.45,157.97528076171875
412,1273.0874852514971,1266.45,93.27953338623047
413,1265.3670986964426,1266.45,141.58059692382812
414,1268.3721562267601,1272.0,123.27070617675781
415,1267.841034396988,1270.15,82.36512756347656
416,1264.2137796433526,1277.05,44.612159729003906
417,1271.739693136391,1279.2,125.11698150634766
418,1272.9386866092682,1267.2,155.71749877929688
419,1272.9494086652994,1267.2,153.01780700683594
420,1270.6220998764038,1267.2,206.0240478515625
421,1274.6425089839468,1270.9,234.0707244873047
422,1270.322980504323,1275.6,181.85215759277344
423,1270.2391858660267,1284.0,96.7258529663086
424,1274.4794690503477,1284.8,313.9203186035156
425,1279.0068956448813,1284.3,390.1089782714844
426,1282.3533439386229,1284.3,256.34100341796875
427,1280.450188734685,1284.3,94.19091796875
428,1292.710913658142,1277.95,14.500307083129883
429,1283.589394809489,1274.6,84.25495147705078
430,1280.2070071382186,1282.2,140.13204956054688
431,1279.2442427431088,1280.0,125.21556091308594
432,1279.0009479226137,1284.35,88.04476165771484
433,1280.7109038706258,1284.35,92.50267028808594
434,1281.9658786601503,1284.35,97.07283020019531
435,1283.3765466338955,1286.2,27.621929168701172
436,1284.5863467563759,1283.3,31.151376724243164
437,1284.7618319313915,1286.95,8.211578369140625
438,1285.067126188951,1290.35,11.687799453735352
439,1286.300092415695,1290.5,48.86449432373047
440,1289.9728682277782,1290.5,72.1619873046875
441,1290.0401787730516,1290.5,74.51056671142578
442,1291.4923036282416,1294.9,18.113636016845703
443,1294.7734263238817,1291.85,26.387088775634766
444,1292.3386907577515,1283.85,30.759784698486328
445,1291.059360742569,1280.2,126.81009674072266
446,1287.1683729588985,1275.5,307.5475158691406
447,1286.4938951516742,1275.5,482.62872314453125
448,1278.3893933640356,1275.5,351.6676940917969
449,1276.1778959141884,1273.45,111.92354583740234
450,1274.95834224773,1266.3,39.8331298828125
451,1273.0243914711682,1263.7,109.37176513671875
452,1266.6618818960342,1255.0,229.67562866210938
453,1256.9376829645698,1250.65,459.336181640625
454,1255.3783405830472,1250.65,552.7738647460938
455,1250.3254498243332,1250.65,369.83282470703125
456,1251.997179478407,1247.15,208.19393920898438
457,1250.3321400880814,1240.9,48.153358459472656
458,1245.699088555688,1242.65,118.58116149902344
459,1238.1616344449867,1251.0,141.37767028808594
460,1242.2997312767984,1254.6,170.291748046875
461,1239.151013493538,1254.6,242.0210723876953
462,1246.735764614823,1254.6,334.683837890625
463,1253.478542836092,1260.6,183.2677001953125
464,1255.9884259700775,1260.35,67.70650482177734
465,1261.0964120792778,1264.55,70.42782592773438
466,1260.2439202402456,1264.55,121.18424987792969
467,1262.2495194615476,1264.55,105.20404052734375
468,1269.5197119892691,1264.55,36.9253044128418
469,1264.856371129572,1264.55,34.256797790527344
470,1268.4833164064912,1264.55,1.1241424083709717
471,1264.7372755003744,1264.55,6.8294172286987305
472,1264.55185778148,1279.4,0.0051019443199038506
473,1267.208607275621,1291.0,296.7347412109375
474,1273.9762032691506,1291.0,1021.5792846679688
475,1282.0023785594676,1291.0,1180.760986328125
476,1287.89263217579,1291.0,826.7678833007812
477,1305.7656814599613,1291.0,166.23440551757812
478,1301.5370160341263,1312.05,96.21922302246094
479,1294.9595184326172,1314.9,550.69189453125
480,1302.2269461154938,1314.5,943.1668701171875
481,1308.236401796341,1317.15,949.7302856445312
482,1313.145632147789,1317.15,628.7709350585938
483,1337.2961099662061,1317.15,44.38528060913086
484,1318.9051001696353,1319.95,215.19705200195312
485,1317.4343308919342,1311.0,21.215137481689453
486,1319.0171078372368,1319.75,61.47556686401367
487,1316.4957365808805,1323.05,69.20370483398438
488,1318.0145573657064,1326.8,116.3187026977539
489,1323.5515420952288,1326.8,215.78524780273438
490,1323.7567268811108,1326.8,260.5208435058594
491,1325.9117965340556,1339.25,66.73771667480469
492,1332.5704925176397,1333.85,214.37490844726562
493,1335.5756224523939,1335.65,204.1378173828125
494,1334.1015070264402,1332.2,187.29403686523438
495,1334.6049522411195,1334.95,122.6249008178711
496,1346.5055012106895,1334.95,42.65217208862305
497,1334.4854541569948,1334.95,85.57173156738281
498,1334.408342704177,1332.6,10.881587982177734
499,1334.3978855609894,1333.4,13.525253295898438
500,1333.8944260030985,1353.7,8.785887718200684
501,1334.1248379249737,1354.95,503.73626708984375
502,1343.9539236692508,1353.15,890.2926635742188
503,1348.8888867167407,1353.15,850.7774658203125
504,1353.0530621523212,1353.15,481.64453125
505,1372.3912108593504,1343.85,17.922090530395508
506,1351.4051757301786,1344.9,290.69549560546875
507,1348.5173935496277,1345.05,150.21896362304688
508,1346.3442682059394,1341.35,141.54342651367188
509,1344.2678141509532,1331.15,106.1197738647461
510,1340.8205983723747,1331.15,212.6501922607422
511,1335.0392434101013,1331.15,329.3111572265625
512,1333.5103656831416,1333.6,287.97149658203125
513,1332.1400537723457,1331.4,122.4779281616211
514,1324.1762664340058,1324.65,9.969722747802734
515,1330.5701625693473,1315.45,95.8207778930664
516,1326.1776610288507,1314.1,357.05352783203125
517,1317.4685449357348,1314.1,515.889892578125
518,1309.6517631146562,1314.1,378.6769714355469
519,1315.2018268138636,1322.3,142.45606994628906
520,1315.996873319542,1325.35,85.62916564941406
521,1319.0582236567934,1336.25,189.80447387695312
522,1322.4493571905114,1352.45,519.767578125
523,1326.578428518551,1352.1,1287.888427734375
524,1338.5435513772536,1352.1,1269.1903076171875
525,1349.802395465551,1352.1,889.6005859375
526,1361.9943642616272,1346.6,280.75775146484375
527,1367.9639493228751,1339.85,93.45844268798828
528,1348.5773363319458,1330.5,325.64892578125
529,1343.1657520934095,1328.35,488.53955078125
530,1337.447841118992,1327.95,599.1126098632812
531,1332.543227628339,1327.95,392.5909118652344
532,1329.0698436842358,1327.95,149.4481201171875
533,1328.0385150426082,1333.5,11.857549667358398
534,1328.9288892578697,1325.75,35.57365798950195
535,1323.7527775615163,1317.85,44.19435501098633
536,1320.4528681445008,1307.75,198.51254272460938
537,1312.6665175259113,1322.3,609.840576171875
538,1321.36337479949,1322.3,568.01708984375
539,1317.6953233480453,1322.3,291.0577697753906
540,1319.0136249661446,1320.4,228.9634552001953
541,1320.8305221498013,1331.4,220.656982421875
542,1323.7187679111958,1329.4,103.42476654052734
543,1318.1429781019688,1321.0,139.83399963378906
544,1323.0459561146563,1320.6,184.81143188476562
545,1325.3046428240195,1320.6,180.28985595703125
546,1332.1051962743368,1320.6,173.2906036376953
547,1320.4431170600146,1319.15,135.60598754882812
548,1320.2164716815605,1322.75,4.777562141418457
549,1320.6316707782244,1323.55,9.120312690734863
550,1321.4873840540895,1318.75,19.577974319458008
551,1319.4139237715717,1310.1,27.07552719116211
552,1310.6226813793182,1310.1,184.17977905273438
553,1317.4601719081402,1310.1,306.74444580078125
554,1312.7545414369233,1312.4,247.62808227539062
555,1310.936054259102,1311.0,87.54264068603516
556,1311.0491032429127,1321.35,8.055950164794922
557,1313.5846980710048,1329.15,132.42831420898438
558,1318.3414332614047,1346.6,420.45025634765625
559,1322.0562256872654,1346.6,1275.5147705078125
560,1328.6062390004372,1346.6,1430.924072265625
561,1349.9324151480105,1352.4,846.3054809570312
562,1354.5657202799484,1341.45,419.2732849121094
563,1365.2238628110354,1332.45,115.94366455078125
564,1344.5567850483349,1323.85,493.0850524902344
565,1338.2954205826536,1323.85,716.7855224609375
566,1337.958702971111,1323.85,803.5646362304688
567,1327.657073313363,1323.85,370.0356140136719
568,1324.687425852222,1323.85,85.2153549194336
569,1323.79362967825,1333.45,3.06868839263916
570,1325.6356333192525,1337.3,101.48171997070312
571,1318.3515950087167,1327.7,230.2746124267578
572,1321.755861590791,1331.2,260.5616760253906
573,1323.115266852219,1331.2,192.6193389892578
574,1341.1869928209053,1331.2,113.94972229003906
575,1334.7632208255527,1331.95,111.42839050292969
576,1330.8396902288514,1338.95,27.1107177734375
577,1333.0670867506851,1350.75,64.42208099365234
578,1337.6456683285069,1341.35,403.28631591796875
579,1341.117964609788,1343.7,355.2872619628906
580,1338.1720946713176,1343.7,258.4071960449219
581,1351.5586000016774,1343.7,126.7681884765625
582,1355.00194555521,1349.35,96.5907211303711
583,1343.9513313174248,1342.1,120.16191101074219
584,1345.0133515745401,1351.45,45.70771026611328
585,1346.5875826478004,1348.6,91.94960021972656
586,1347.540832579136,1336.75,86.26923370361328
587,1344.072723469253,1336.75,211.19528198242188
588,1342.8178127815045,1336.75,273.34051513671875
589,1341.4208185243187,1324.3,317.12677001953125
590,1334.2781305705867,1328.85,410.5433044433594
591,1331.4306733807898,1321.65,197.79238891601562
592,1327.6591156823124,1320.7,276.45916748046875
593,1324.4842117903027,1321.5,237.8648681640625
594,1319.958691722095,1321.5,68.17597961425781
595,1310.222981184721,1321.5,68.76649475097656
596,1322.0954184234142,1313.2,61.804473876953125
597,1319.477407693863,1307.1,78.57795715332031
598,1308.0596063916892,1304.2,257.4974365234375
599,1311.6148303337395,1315.05,394.397216796875
600,1302.766750669347,1309.4,274.192626953125
601,1309.6591910719872,1309.4,130.23410034179688
602,1309.9384219944477,1309.4,90.36557006835938
603,1310.1456593871117,1309.4,82.47134399414062
604,1309.5100053548813,1306.6,38.58405685424805
605,1302.5381479236967,1313.85,9.794118881225586
606,1309.5789874578622,1318.8,61.74981689453125
607,1312.096182042951,1324.35,140.9134521484375
608,1316.2414718116634,1324.35,311.374267578125
609,1314.6236648341437,1324.35,335.87908935546875
610,1327.3493224854174,1319.85,156.1699676513672
611,1327.9806718410691,1295.0,56.4730110168457
612,1321.4240026149128,1291.25,988.6785278320312
613,1307.5762496166135,1289.5,1498.79736328125
614,1300.2157308348615,1288.3,1420.697265625
615,1293.8923706811693,1288.3,894.6116333007812
616,1289.9842584567523,1288.3,55.28623580932617
617,1288.8488227534253,1288.35,10.192389488220215
618,1288.3973007690656,1293.05,1.9842360019683838
619,1284.8613817845762,1289.0,25.119239807128906
620,1265.5882787704468,1304.85,32.564781188964844
621,1288.325272127986,1303.5,605.6511840820312
622,1294.73264169693,1303.5,340.91229248046875
623,1303.5506176264607,1303.5,271.2002868652344
624,1302.632076047099,1303.5,239.7721710205078
625,1315.5977193192375,1295.5,7.764437198638916
626,1301.8911767231693,1300.7,152.9300537109375
627,1300.7086060345173,1305.35,64.40092468261719
628,1300.9453534976055,1294.6,78.94994354248047
629,1299.8863674734894,1294.6,129.31210327148438
630,1297.2520289719105,1294.6,121.49088287353516
631,1297.04598274827,1295.45,130.81207275390625
632,1297.1526824606772,1292.05,121.32090759277344
633,1294.0612595106504,1300.1,14.102027893066406
634,1295.400126601584,1297.25,50.71278381347656
635,1296.1883682623375,1298.25,51.503150939941406
636,1297.290474976835,1298.25,53.928077697753906
637,1288.2770791522198,1298.25,54.04828643798828
638,1302.913555020903,1299.6,60.2401008605957
639,1298.6541299018572,1298.65,18.49480628967285
640,1298.6527350459073,1296.15,2.379274368286133
641,1298.25248888028,1302.75,9.601461410522461
642,1299.0045487132738,1285.25,35.59739685058594
643,1295.7898426056418,1285.25,278.41693115234375
644,1292.6375185843935,1285.25,381.1981201171875
645,1288.787415111532,1281.55,381.8343811035156
646,1288.2136962264776,1276.15,406.5018310546875
647,1282.2991771101952,1274.2,103.80409240722656
648,1279.0044896900654,1266.15,151.93316650390625
649,1274.601038619876,1269.15,305.5446472167969
650,1271.5161613672972,1269.15,202.8070831298828
651,1252.6391450315714,1269.15,95.23672485351562
652,1269.5905599445105,1268.7,187.68438720703125
653,1269.027346238494,1260.3,12.711385726928711
654,1263.2012108100025,1254.6,93.30303192138672
655,1257.9034514244486,1251.55,254.2039337158203
656,1256.7869954344642,1250.45,361.7125549316406
657,1249.6298602461902,1250.45,308.788330078125
658,1252.2393873120745,1250.45,104.514404296875
659,1250.8215311607564,1247.8,19.03923797607422
660,1249.8693593965436,1251.75,11.453261375427246
661,1249.6232659827365,1255.65,12.826045036315918
662,1243.0922956177528,1255.5,47.93397903442383
663,1247.1527863521187,1255.35,100.65697479248047
664,1251.3823520833394,1255.35,86.75721740722656
665,1255.2989046871662,1255.35,22.753355026245117
666,1259.2483056708443,1262.05,0.18071207404136658
667,1257.0953841967275,1254.0,62.15966796875
668,1256.9997353875806,1251.4,63.87276077270508
669,1256.1065641134337,1245.9,95.69622039794922
670,1253.0654858176058,1241.7,213.92422485351562
671,1254.9829754866805,1241.7,365.9630126953125
672,1245.6316487993463,1241.7,210.9866485595703
673,1242.8924404302088,1241.1,107.68241882324219
674,1241.7934171349625,1232.8,23.98131561279297
675,1239.6320046543115,1224.5,94.35355377197266
676,1227.4388176202774,1217.55,345.5772705078125
677,1226.2045949192761,1228.75,633.7738647460938
678,1220.7805021728127,1228.75,409.62774658203125
679,1221.4451156415307,1228.75,192.5861358642578
680,1226.824907363276,1224.95,137.4276123046875
681,1227.2465485117136,1228.35,128.04795837402344
682,1226.9450933975895,1231.5,18.147937774658203
683,1220.2304558543838,1228.25,31.74558448791504
684,1224.6817085146904,1223.95,64.0811767578125
685,1228.0023741722107,1223.95,55.06569290161133
686,1226.5632237493992,1223.95,55.86698532104492
687,1227.7499080002308,1223.8,64.52616882324219
688,1224.3119994699955,1220.95,27.388805389404297
689,1223.2578572630882,1219.0,10.766075134277344
690,1221.979541927576,1215.45,29.91171646118164
691,1219.8325740695,1216.3,74.63457489013672
692,1214.71416670084,1216.3,67.0787582397461
693,1212.200343413002,1216.3,34.85074996948242
694,1215.9351045199874,1209.65,21.418760299682617
695,1214.8797649455519,1212.35,53.61579513549805
696,1213.339417588577,1209.55,56.658363342285156
697,1208.835652072914,1214.35,71.23019409179688
698,1209.4231588244438,1214.4,61.11260986328125
699,1209.8698431771481,1214.4,41.6535530090332
700,1213.7472798037925,1214.4,33.81777572631836
701,1214.4952327182546,1200.35,30.86345863342285
702,1211.4809469493775,1197.0,271.07366943359375
703,1204.776297757271,1182.0,448.95477294921875
704,1198.5185663845186,1180.4,1043.660888671875
705,1190.8851069491357,1178.4,1029.828125
706,1184.7109065762925,1178.4,503.7754821777344
707,1180.9398510881874,1178.4,329.7586364746094
708,1178.7996768470111,1184.35,16.95181655883789
709,1179.8338253701513,1190.95,36.026039123535156
710,1169.1821310392334,1196.65,158.27618408203125
711,1184.4806413650513,1192.35,414.10784912109375
712,1175.9979239702225,1197.7,239.43313598632812
713,1196.5476985145506,1197.7,279.7314453125
714,1202.2594643962802,1197.7,65.33455657958984
715,1201.9677981865534,1197.7,51.97667694091797
716,1196.9674246673967,1212.25,48.02234649658203
717,1202.1281785947795,1204.2,239.9613494873047
718,1202.9357250820904,1197.3,211.23446655273438
719,1203.171878174384,1202.45,213.37228393554688
720,1203.069364316907,1202.45,205.4803466796875
721,1216.570170134306,1202.45,152.60513305664062
722,1200.494209393859,1200.05,165.25140380859375
723,1201.6430032551289,1190.85,27.00613784790039
724,1199.0393402576447,1196.7,143.22183227539062
725,1197.4085284173489,1205.15,116.16507720947266
726,1190.2498723441386,1198.9,151.65420532226562
727,1197.4005434536957,1198.9,172.866943359375
728,1199.7735902025306,1198.9,137.2521514892578
729,1199.805985766725,1196.6,62.69093704223633
730,1201.3441209945959,1189.85,61.415496826171875
731,1196.1228292245796,1195.6,89.90885925292969
732,1195.0706980242903,1209.8,71.5100326538086
733,1197.9766833938338,1201.95,286.41790771484375
734,1199.9059617291496,1201.95,276.61138916015625
735,1196.031190849535,1201.95,291.3084716796875
736,1203.2713761504565,1201.9,179.9669952392578
737,1213.1783883743046,1200.2,71.60457611083984
738,1201.2524531729287,1203.3,74.97819519042969
739,1201.7208777981577,1208.35,8.812865257263184
740,1203.4153836892074,1198.7,53.39612579345703
741,1202.8656193199422,1198.7,83.25802612304688
742,1194.4737711456692,1198.7,90.77782440185547
743,1201.7092488358612,1202.75,130.8148651123047
744,1205.265290909745,1201.9,99.05805206298828
745,1200.8859879362644,1194.25,38.49480056762695
746,1199.5641448425158,1185.4,67.30110931396484
747,1195.9367648188927,1187.25,265.8411865234375
748,1192.0583116723574,1187.25,312.64495849609375
749,1183.4765683114529,1187.25,240.9169158935547
750,1187.3986284285784,1189.35,86.75708770751953
751,1187.7002977877855,1204.7,13.559234619140625
752,1191.9558573961258,1201.2,336.94281005859375
753,1194.915239073016,1203.45,337.2794494628906
754,1192.236094892025,1203.8,346.5807800292969
755,1197.8367365406302,1203.8,277.26092529296875
756,1218.767695560091,1203.8,24.323143005371094
757,1203.0286014042213,1186.95,148.8419952392578
758,1199.5954266709741,1185.55,338.526123046875
759,1195.1019687847293,1188.6,435.8243103027344
760,1191.1951635708392,1205.55,375.8931579589844
761,1191.6547187170363,1219.75,423.0599670410156
762,1198.4451915237878,1219.75,1014.5612182617188
763,1206.2556918186601,1219.75,1037.168701171875
764,1212.9263386613457,1229.95,830.1453247070312
765,1221.7722020103538,1230.7,468.4073791503906
766,1238.6239287257195,1229.05,141.09603881835938
767,1227.669076025486,1223.0,233.1884765625
768,1227.2572875618935,1227.85,93.77467346191406
769,1237.8730816199095,1227.85,40.60414505004883
770,1228.2585356369673,1227.85,99.9747314453125
771,1226.9979225137358,1222.3,35.02036666870117
772,1226.1299810255732,1235.95,35.40172576904297
773,1228.2727665910497,1230.55,155.53573608398438
774,1229.0473266124754,1230.8,142.57432556152344
775,1228.571973048529,1233.85,144.4630584716797
776,1230.5595978198107,1233.85,187.069580078125
777,1240.773165893741,1233.85,32.709625244140625
778,1232.4393592492852,1230.8,61.396331787109375
779,1232.9200452839286,1225.4,13.673304557800293
780,1231.0258107998234,1214.95,68.9903335571289
781,1226.4064364239894,1231.15,314.75115966796875
782,1223.7983130745197,1232.1,269.4205627441406
783,1226.335185396354,1232.1,250.78958129882812
784,1228.15273178168,1232.1,259.5894470214844
785,1230.4138906860753,1232.25,313.10302734375
786,1232.1228137805083,1231.6,7.6418304443359375
787,1230.392448155144,1229.95,3.50264310836792
788,1231.577531383853,1224.15,6.415035247802734
789,1229.478427837581,1211.4,61.98203659057617
790,1224.5442950427532,1211.4,393.8586120605469
791,1219.5940586328506,1211.4,405.10089111328125
792,1215.3316610902548,1205.55,338.8492431640625
793,1211.141683101654,1202.1,290.2453918457031
794,1207.685889557004,1203.25,85.37100219726562
795,1205.0555462377088,1211.85,82.66709899902344
796,1204.5777673392877,1222.4,85.37059020996094
797,1204.4668327041873,1222.4,314.201171875
798,1202.5162016508693,1222.4,398.2041320800781
799,1219.129576958032,1221.6,406.59222412109375
800,1221.71482890044,1223.0,116.27535247802734
801,1232.7031129987445,1226.1,2.5899415016174316
802,1222.4843971269293,1227.05,80.51842498779297
803,1224.5071564141545,1223.65,23.08111000061035
804,1224.7961220266152,1223.65,19.066431045532227
805,1225.449175953865,1223.65,14.072122573852539
806,1227.4290312621597,1223.4,12.150744438171387
807,1224.829655859925,1221.2,19.659210205078125
808,1223.0074255228683,1213.25,7.29471492767334
809,1220.3812635837676,1226.25,113.35490417480469
810,1221.0430151426553,1217.55,151.2337646484375
811,1219.678847362331,1217.55,195.00323486328125
812,1216.0425157668287,1217.55,176.2209930419922
813,1218.5427352810148,1230.3,159.7255096435547
814,1223.6435305327177,1240.3,187.7965850830078
815,1226.4613768458366,1235.9,538.3829345703125
816,1230.6941762566566,1242.55,418.1259765625
817,1235.856390595436,1243.3,546.2019653320312
818,1243.5834810402885,1243.3,181.2892608642578
819,1251.1853029602498,1243.3,63.7950325012207
820,1242.066328094399,1245.35,118.9368667602539
821,1245.8850496231753,1245.3,8.678106307983398
822,1245.0630414582265,1245.75,9.583005905151367
823,1244.9292051955126,1242.75,7.113685607910156
824,1244.6213669699791,1235.35,9.419510841369629
825,1244.3567963437235,1235.35,105.04048919677734
826,1240.0003172909928,1235.35,118.10899353027344
827,1237.868172839284,1241.65,115.6417236328125
828,1237.4729268550873,1246.3,67.11955261230469
829,1239.4770014584064,1255.0,122.45513916015625
830,1244.2656185477972,1259.75,339.9139709472656
831,1249.9038325846195,1258.15,476.91943359375
832,1251.325064599514,1258.15,258.2491455078125
833,1260.4987870891637,1258.15,151.23312377929688
834,1266.686452627182,1258.15,28.893001556396484
835,1263.2618167102337,1258.15,48.918670654296875
836,1258.4479922652245,1258.15,13.989995956420898
837,1258.141412243247,1268.0,0.22101092338562012
838,1260.4109153449535,1279.0,121.65159606933594
839,1265.434382557869,1279.0,431.22381591796875
840,1269.1595390489238,1279.0,441.19122314453125
841,1275.0943731079315,1279.0,402.80487060546875
842,1287.5265102386475,1279.0,138.87130737304688
843,1289.8429627418518,1282.9,63.751792907714844
844,1280.4243624210358,1290.45,90.81617736816406
845,1282.7094105482101,1279.9,126.49041748046875
846,1282.9312524795532,1279.9,118.37667083740234
847,1282.9969664812088,1279.9,115.69405364990234
848,1285.7618708797527,1292.2,112.45123291015625
849,1291.337263502879,1286.45,191.4358367919922
850,1284.9799352450646,1288.6,187.0261993408203
851,1286.5895733476063,1291.9,162.04034423828125
852,1288.6641735722806,1288.95,194.42184448242188
853,1291.1845817591966,1288.95,44.500579833984375
854,1289.5475748945173,1288.95,29.192089080810547
855,1289.499975842933,1292.75,12.850733757019043
856,1290.0150160661433,1294.4,17.377960205078125
857,1291.0895376982662,1292.3,34.592247009277344
858,1291.9278995876812,1290.7,24.841005325317383
859,1292.4416652185755,1284.2,20.067829132080078
860,1291.283433035016,1284.2,89.6462631225586
861,1289.4195378317818,1284.2,109.17411041259766
862,1285.6400032298552,1279.55,80.08019256591797
863,1283.4461788972476,1282.1,114.9450454711914
864,1282.3637327785036,1279.8,24.50401496887207
865,1281.2849128156813,1283.7,37.57179260253906
866,1279.4883648025134,1293.9,33.27888870239258
867,1283.2737330027448,1293.9,230.1116485595703
868,1282.0383406507317,1293.9,205.69674682617188
869,1291.2362077421858,1302.15,245.853759765625
870,1295.0770467198745,1307.55,304.12322998046875
871,1308.506399716367,1310.7,197.59873962402344
872,1303.7730863884353,1323.25,338.82696533203125
873,1309.6300738322461,1318.7,689.29736328125
874,1322.1791421950038,1318.7,313.0435485839844
875,1322.883967882808,1318.7,244.70645141601562
876,1321.9104046936845,1312.15,159.79214477539062
877,1329.7130745649338,1314.2,119.88031005859375
878,1316.796311184764,1312.4,133.95925903320312
879,1314.404837936163,1310.0,60.38190460205078
880,1312.8096548467875,1314.85,75.81925201416016
881,1312.6314833462238,1314.85,27.5113525390625
882,1308.8005146950309,1314.85,22.809207916259766
883,1313.4734014717833,1306.4,34.71654510498047
884,1312.5814413846092,1310.0,75.90728759765625
885,1308.001746382317,1312.8,73.83203125
886,1310.7729508024495,1311.45,71.08065032958984
887,1310.7444236981246,1316.55,64.512939453125
888,1312.2082403315871,1316.55,96.42195892333984
889,1314.218303990172,1316.55,51.09577178955078
890,1315.4311761509744,1325.5,31.756820678710938
891,1318.2335722950666,1334.15,188.99551391601562
892,1324.474986400077,1343.75,321.54241943359375
893,1329.21582389361,1331.25,669.8284912109375
894,1332.3151736742002,1329.05,404.93621826171875
895,1342.2280892133713,1329.05,209.63760375976562
896,1341.481751200612,1329.05,219.6387939453125
897,1340.6442049890757,1331.05,269.8778381347656
898,1330.3625714033842,1325.05,59.977325439453125
899,1328.4479305148125,1322.85,40.893798828125
900,1327.1162919700146,1319.15,54.12145233154297
901,1324.6700689196587,1311.95,102.40425109863281
902,1309.1834485530853,1311.95,286.7964172363281
903,1316.109269842782,1311.95,238.82772827148438
904,1314.2628653030552,1285.4,118.12336730957031
905,1306.2644499686721,1283.8,1102.6883544921875
906,1299.2103801521152,1285.85,886.3326416015625
907,1288.4198407860822,1285.3,792.0303955078125
908,1287.3317888139281,1296.75,773.6431884765625
909,1283.7990358992465,1296.75,156.97506713867188
910,1283.4999981322617,1296.75,172.9650115966797
911,1292.9092098795954,1292.75,158.6101531982422
912,1294.1499824771017,1297.05,110.86964416503906
913,1282.050545990467,1306.95,19.32119369506836
914,1298.4365184903145,1295.55,260.47869873046875
915,1298.293218523264,1303.5,146.89877319335938
916,1299.6348586678505,1303.5,236.65621948242188
917,1301.727625617641,1303.5,182.67276000976562
918,1311.9260657418345,1305.6,116.7572021484375
919,1302.2117440801812,1307.7,159.84103393554688
920,1305.0030671847053,1303.7,18.187301635742188
921,1305.0638294090168,1309.6,15.476649284362793
922,1306.394366320863,1311.3,54.21674728393555
923,1306.538171369175,1311.3,50.99813461303711
924,1311.2193234083243,1311.3,41.523216247558594
925,1310.1453973214666,1319.55,58.83287811279297
926,1314.8142661076272,1316.3,96.3663101196289
927,1316.179707327392,1309.7,67.92903137207031
928,1314.1928909663693,1295.15,78.54389953613281
929,1309.6609644100681,1295.4,370.8406066894531
930,1313.0261584579857,1295.4,496.36968994140625
931,1300.56967828075,1295.4,416.07769775390625
932,1297.228649201541,1293.5,231.43338012695312
933,1294.645661466653,1290.3,6.302142143249512
934,1293.3861393575062,1290.45,29.9022159576416
935,1289.6966468956089,1283.15,21.568613052368164
936,1283.8517234723404,1288.45,128.13693237304688
937,1275.6263763515744,1288.45,94.58604431152344
938,1287.751263307422,1288.45,162.10525512695312
939,1287.8237652423632,1300.0,50.11860275268555
940,1290.5155250463213,1303.0,259.06854248046875
941,1292.6679518222809,1305.45,204.40762329101562
942,1295.7367512550263,1298.8,260.1984558105469
943,1300.001019253541,1294.3,172.60580444335938
944,1309.0004682540894,1294.3,62.435951232910156
945,1301.7866420149803,1294.3,130.4760284423828
946,1299.0663465264952,1285.65,110.46104431152344
947,1292.9938297818007,1276.35,159.3424072265625
948,1287.9505953658372,1275.85,289.3360290527344
949,1283.8964150533284,1275.7,287.0885009765625
950,1280.411966008658,1275.7,278.8052673339844
951,1271.4570871087199,1275.7,102.11731719970703
952,1271.3356027165137,1275.7,28.644933700561523
953,1275.309485499878,1275.7,12.211586952209473
954,1275.7185151540762,1269.5,0.5213385224342346
955,1266.6436918195905,1271.65,45.12659454345703
956,1264.5506040535329,1280.8,74.48936462402344
957,1273.5157256722086,1284.2,143.45352172851562
958,1276.5716467046877,1284.2,117.57460021972656
959,1278.8158216833544,1284.2,175.45498657226562
960,1281.457521456643,1279.5,138.75384521484375
961,1287.341152535897,1282.3,20.275150299072266
962,1286.2449082073872,1283.8,36.61162185668945
963,1282.8149589349923,1270.95,24.3918514251709
964,1280.102076495532,1278.55,231.4327392578125
965,1278.7722726859065,1278.55,141.69117736816406
966,1278.3271676865988,1278.55,148.61557006835938
967,1278.0359932382125,1278.55,149.8328857421875
968,1277.226996722704,1281.2,74.43559265136719
969,1278.7433482034976,1285.2,13.315605163574219
970,1280.555352361771,1286.1,45.6565055847168
971,1282.3900830924686,1287.1,50.522560119628906
972,1279.5648281842587,1287.1,58.898277282714844
973,1288.456350669876,1287.1,45.59197235107422
974,1290.2532031523588,1295.6,9.88727855682373
975,1289.6053712179419,1298.4,116.43058013916016
976,1292.6906602156669,1299.1,129.20254516601562
977,1294.5650133028248,1291.7,138.95494079589844
978,1295.1446879887517,1280.8,92.86494445800781
979,1300.3311674657016,1280.8,242.16683959960938
980,1291.5289709706558,1280.8,292.21624755859375
981,1286.70583710121,1276.85,278.1503601074219
982,1281.9617867054694,1271.15,215.847412109375
983,1277.6780718835726,1273.8,92.51203918457031
984,1276.1091367452682,1283.65,64.98423767089844
985,1276.8733170275664,1282.5,86.94960021972656
986,1271.4995084232796,1282.5,85.69383239746094
987,1269.7851728054811,1282.5,150.75856018066406
988,1280.9108968777,1282.5,160.21987915039062
989,1285.432895473772,1278.3,4.178109169006348
990,1281.8073978699467,1281.65,28.614620208740234
991,1281.5238462371562,1280.95,19.227968215942383
992,1281.0386867920606,1295.55,22.049480438232422
993,1284.1066450682702,1295.55,252.68490600585938
994,1285.6072533130646,1295.55,280.8293151855469
995,1290.115858912468,1317.1,206.50723266601562
996,1296.3193577528,1324.25,1219.983154296875
997,1317.2211398245709,1335.05,639.6531982421875
998,1314.002113537048,1335.5,1172.8350830078125
999,1319.4112761669094,1340.65,1030.21044921875
1000,1348.0357647168275,1340.65,370.3669738769531
1001,1340.8219738304615,1340.65,461.15850830078125
1002,1348.439050973393,1328.6,32.66044998168945
1003,1337.53223913908,1324.3,132.7535858154297
1004,1339.7800554742935,1332.35,192.27713012695312
1005,1334.0775916661005,1335.9,98.31047821044922
1006,1333.5187882495666,1351.25,94.36878967285156
1007,1333.6994624272847,1351.25,353.4907531738281
1008,1335.527380081112,1351.25,386.6192932128906
1009,1342.5403509722673,1341.3,258.87957763671875
1010,1345.4635808569583,1341.35,169.0052490234375
1011,1357.1323761343956,1344.05,59.49524688720703
1012,1348.7213417887688,1379.5,73.48651885986328
1013,1352.56990224123,1397.15,879.8956298828125
1014,1353.8245664536953,1397.15,1414.341064453125
1015,1359.5242761075497,1397.15,1301.928466796875
1016,1368.6049264669418,1405.7,2086.555419921875
1017,1412.6177695989609,1431.4,864.0866088867188
1018,1423.0310688726604,1403.95,970.0911865234375
1019,1408.8783720039355,1402.5,531.9663696289062
1020,1405.1210969708482,1409.0,690.7547607421875
1021,1415.7045316916483,1409.0,736.9952392578125
1022,1439.451151293746,1409.0,556.9200439453125
1023,1408.2841970673398,1390.1,370.5023193359375
1024,1400.1616589463374,1391.05,255.5660400390625
1025,1402.797390700296,1413.5,192.01287841796875
1026,1406.4089054494325,1414.9,218.13430786132812
1027,1392.1947608590126,1388.65,127.59774017333984
1028,1393.6140726208687,1388.65,440.80572509765625
1029,1392.3413950800896,1388.65,198.16293334960938
1030,1409.7877251505852,1400.1,254.9776611328125
1031,1410.07802422667,1391.55,281.66497802734375
1032,1387.1403587498571,1408.3,113.2540283203125
1033,1386.3959371178353,1413.75,420.13690185546875
1034,1395.203338128209,1407.6,554.2537841796875
1035,1405.533906590259,1407.6,277.7843322753906
1036,1393.4648372615047,1407.6,332.8725280761719
1037,1416.40088060571,1412.4,281.46380615234375
1038,1417.8264552354813,1409.85,25.72687339782715
1039,1409.8415713012218,1410.35,14.819551467895508
1040,1407.613745033741,1417.45,26.371362686157227
1041,1410.1016163825989,1439.7,84.62279510498047
1042,1418.0799275636673,1439.7,474.02069091796875
1043,1419.3929856078612,1439.7,366.65338134765625
1044,1423.0818303047272,1427.75,483.34857177734375
1045,1431.4544501248747,1425.55,270.2373046875
1046,1454.7374437238905,1426.95,72.26541137695312
1047,1439.4504933501448,1416.1,158.28265380859375
1048,1431.7994237301027,1420.4,583.6358642578125
1049,1422.4703705372667,1420.4,174.61415100097656
1050,1419.946015276917,1420.4,129.3701171875
1051,1421.5066069336026,1419.05,106.9566879272461
1052,1417.509875579257,1425.9,32.669158935546875
1053,1412.3742061555386,1427.55,44.87157440185547
1054,1421.769552491547,1406.8,81.42603302001953
1055,1420.1492957952141,1441.75,262.43463134765625
1056,1419.0313714268996,1441.75,1076.543701171875
1057,1432.4588931014587,1441.75,676.6083374023438
1058,1433.66451659851,1465.25,637.2725830078125
1059,1426.6642763609707,1465.25,2283.651611328125
1060,1459.9831719696522,1506.05,485.440185546875
1061,1462.6502505242825,1495.75,2587.94091796875
1062,1465.0122598409653,1497.7,1841.7265625
1063,1494.3254538178444,1497.7,1247.211181640625
1064,1487.3780730962753,1497.7,1075.7978515625
1065,1533.0690126476693,1504.7,550.296875
1066,1504.1320747528516,1498.4,252.7278594970703
1067,1498.9055370488059,1513.25,256.2585144042969
1068,1499.2699934161938,1515.65,261.81842041015625
1069,1503.3563033422688,1515.25,204.01783752441406
1070,1507.2877829307981,1515.25,122.50321197509766
1071,1507.3150478110474,1515.25,219.78076171875
1072,1520.9428789913654,1496.6,53.54984664916992
1073,1517.4714550848148,1504.55,263.3692932128906
1074,1513.5376996474952,1503.25,163.62596130371094
1075,1509.9375690225497,1502.05,244.31820678710938
1076,1507.9003166142502,1503.8,277.4087219238281
1077,1497.3095130320507,1503.8,68.68812561035156
1078,1500.3678300529718,1503.8,27.234155654907227
1079,1503.370383411646,1503.8,33.3635139465332
1080,1503.7149387151003,1532.95,19.43777084350586
1081,1501.8354905856831,1537.15,589.5457153320312
1082,1513.2402223307872,1540.2,527.6798095703125
1083,1516.9835185278498,1528.4,701.4901123046875
1084,1519.8632625788741,1528.4,586.5667724609375
1085,1555.6689692472864,1528.4,166.31202697753906
1086,1542.603323069401,1525.95,167.2272491455078
1087,1538.6828136209806,1537.85,275.5077819824219
1088,1528.1037031313026,1546.1,138.61944580078125
1089,1529.566860476465,1529.1,137.22044372558594
1090,1530.6392121484969,1523.7,129.86888122558594
1091,1530.0373512152,1523.7,91.18331909179688
1092,1533.767397161566,1523.7,83.5340805053711
1093,1544.0397642222524,1509.2,266.74481201171875
1094,1524.653816686965,1498.25,399.781982421875
1095,1513.0190964736903,1490.65,519.68603515625
1096,1510.167828823287,1515.2,543.9954833984375
1097,1514.0841288019292,1503.1,242.43655395507812
1098,1494.6038440609263,1503.1,417.2859802246094
1099,1491.7481647717068,1503.1,260.62615966796875
1100,1493.3437742245587,1497.2,338.1728210449219
1101,1511.3512109302974,1502.1,221.39779663085938
1102,1501.596201095279,1503.5,89.81853485107422
1103,1500.9976068305114,1500.7,66.93534851074219
1104,1499.922340790028,1501.9,41.116600036621094
1105,1499.3759474131657,1501.9,18.034587860107422
1106,1494.5359011491382,1501.9,10.60806941986084
1107,1503.2461190521717,1522.1,55.95061111450195
1108,1504.1986430883408,1520.65,306.2925109863281
1109,1505.3277994394302,1528.75,199.69906616210938
1110,1508.903640449047,1506.4,495.1930236816406
1111,1509.4237692952156,1489.9,347.30548095703125
1112,1529.7904869753402,1489.9,491.95709228515625
1113,1518.2008296995918,1489.9,421.81890869140625
1114,1516.777117550373,1485.3,1149.766845703125
1115,1495.7078477740288,1473.45,626.8779907226562
1116,1480.6446101516485,1492.6,383.63006591796875
1117,1480.9187009185553,1517.1,314.21722412109375
1118,1489.6099660545588,1499.15,666.9955444335938
1119,1477.8314982552547,1499.15,477.44879150390625
1120,1475.96164164949,1499.15,859.62451171875
1121,1500.3761282841006,1501.25,569.3690795898438
1122,1530.7865242901316,1505.85,180.18099975585938
1123,1503.426086550462,1507.25,152.1699676513672
1124,1498.906494391682,1494.8,93.95930480957031
1125,1498.8499780134734,1479.15,78.7352066040039
1126,1499.4802486632543,1479.15,172.17575073242188
1127,1492.851920958492,1479.15,172.03271484375
1128,1497.7173526883125,1490.6,434.6231994628906
1129,1487.1842571496964,1487.8,181.68202209472656
1130,1475.8786351829767,1485.1,100.41224670410156
1131,1476.7530391514301,1492.65,103.59598541259766
1132,1482.9423243254423,1490.0,268.96038818359375
1133,1484.624455691781,1490.0,85.1711196899414
1134,1489.1047747737684,1490.0,142.58914184570312
1135,1488.2758352302699,1491.65,64.52926635742188
1136,1492.3474412719588,1485.35,15.611628532409668
1137,1490.5881707480075,1494.45,25.338071823120117
1138,1490.4978673404112,1496.55,56.8968391418457
1139,1490.774649508916,1513.45,51.60695266723633
1140,1495.0301197441295,1513.45,267.02783203125
1141,1493.3067597481568,1513.45,396.40106201171875
1142,1502.4591448849242,1492.4,312.62921142578125
1143,1504.1715892119391,1486.75,211.06295776367188
1144,1520.2901120184397,1492.1,289.59454345703125
1145,1510.3723929802072,1510.95,300.63348388671875
1146,1507.5167480594828,1508.8,261.00616455078125
1147,1492.6387261637865,1508.8,59.267234802246094
1148,1488.025636387567,1508.8,202.53662109375
1149,1497.0851103608584,1509.45,415.1246032714844
1150,1512.8675641486188,1488.95,166.40792846679688
1151,1508.6944976701052,1486.05,334.064208984375
1152,1503.9119708070648,1484.25,419.8728942871094
1153,1498.9682371971721,1464.15,516.4693603515625
1154,1494.4317532572604,1464.15,1265.444091796875
1155,1477.7425533984933,1464.15,457.76202392578125
1156,1471.6538182087243,1458.7,469.3750915527344
1157,1469.440010774968,1452.05,572.93017578125
1158,1458.307094744203,1462.9,218.7039031982422
1159,1445.1709310285223,1466.65,145.81178283691406
1160,1458.939218595915,1466.9,101.26860046386719
1161,1458.8912999331951,1466.9,141.7190399169922
1162,1445.7153414066343,1466.9,145.89089965820312
1163,1465.295881379876,1467.65,209.46670532226562
1164,1470.7866987678572,1468.45,22.135446548461914
1165,1469.3747579032788,1471.7,10.855978012084961
1166,1468.1436864106217,1467.05,19.643367767333984
1167,1467.6664713391074,1464.45,15.657686233520508
1168,1468.117685856254,1464.45,11.896504402160645
1169,1468.1996255600243,1464.45,9.811813354492188
1170,1470.6783622723015,1458.4,26.50138282775879
1171,1465.1527821269265,1454.65,62.65998077392578
1172,1461.3943244598195,1454.35,66.5314712524414
1173,1460.3442265105841,1454.65,65.33708190917969
1174,1460.2070321915962,1460.15,68.65635681152344
1175,1454.313101881009,1460.15,29.347461700439453
1176,1452.678463487915,1460.15,12.686162948608398
1177,1454.650998144236,1461.15,29.511404037475586
1178,1456.8088452651718,1477.3,58.658180236816406
1179,1460.504069465358,1475.1,241.48715209960938
1180,1465.440160696744,1475.95,176.571533203125
1181,1466.3882842928142,1459.65,192.52651977539062
1182,1466.9673767704226,1459.65,158.2969207763672
1183,1484.791854545736,1459.65,161.44357299804688
1184,1474.2196576828865,1461.7,179.48171997070312
1185,1470.7140540389955,1464.95,278.45367431640625
1186,1458.7978017652058,1466.8,72.46968841552734
1187,1457.5893494290067,1467.8,67.8226547241211
1188,1459.1685714163905,1466.6,113.02168273925781
1189,1463.8720731260546,1466.6,80.54476928710938
1190,1460.2924185755546,1466.6,30.302160263061523
1191,1469.3999855430156,1477.9,94.42655944824219
1192,1470.3697375675547,1475.8,70.69093322753906
1193,1469.7650225816178,1474.05,45.44785690307617
1194,1470.043583420047,1476.7,50.877769470214844
1195,1471.5203758046846,1479.0,107.93400573730469
1196,1484.5448071146966,1479.0,19.701345443725586
1197,1479.1091437181894,1479.0,38.95579528808594
1198,1476.75133464823,1482.1,27.817296981811523
1199,1477.79977832867,1482.1,24.658857345581055
1200,1481.2380859851837,1482.1,10.646949768066406
1201,1480.9967168569565,1482.1,17.626413345336914
1202,1480.6107730865479,1511.5,13.365689277648926
1203,1488.535724366986,1511.5,612.1693725585938
1204,1491.5385790939035,1511.5,637.8720092773438
1205,1494.2916081804433,1514.75,753.886962890625
1206,1493.8580352515273,1514.75,898.7214965820312
1207,1530.7493267655373,1514.75,325.3903503417969
1208,1517.6050227880478,1527.1,91.35934448242188
1209,1516.9590601325035,1548.75,300.0400085449219
1210,1521.44850897789,1548.75,480.83929443359375
1211,1523.951782375574,1548.75,412.79718017578125
1212,1528.6753724217415,1573.1,875.7568359375
1213,1550.3210262758512,1567.85,1559.73974609375
1214,1572.7117905020714,1571.95,416.34747314453125
1215,1564.0907080471516,1550.75,428.13751220703125
1216,1559.9990402162075,1553.6,622.4583129882812
1217,1584.0928745947895,1553.6,458.45721435546875
1218,1567.7136050941044,1553.6,311.91436767578125
1219,1565.1312489733027,1549.9,364.35760498046875
1220,1549.1924830511198,1545.1,103.725341796875
1221,1547.621747430203,1549.0,103.05782318115234
1222,1548.7193654153525,1554.55,48.133907318115234
1223,1552.2863538025267,1557.6,35.646263122558594
1224,1540.5309019235137,1557.6,40.12920379638672
1225,1549.1976872182277,1557.6,149.5635986328125
1226,1552.1525172461043,1560.15,52.822021484375
1227,1558.1761427885795,1551.3,48.226661682128906
1228,1560.5981567866547,1556.9,51.184791564941406
1229,1558.0821875496622,1562.9,44.57071304321289
1230,1558.0184991770948,1564.3,62.255645751953125
1231,1561.2339413574082,1564.3,25.483638763427734
1232,1555.7792055936152,1564.3,64.70112609863281
1233,1558.6700537420184,1580.1,41.837120056152344
1234,1567.6237839721434,1574.0,234.9738006591797
1235,1570.0491994029726,1573.45,147.6034698486328
1236,1568.7880412668164,1578.25,152.86634826660156
1237,1570.058150399651,1584.2,220.0807342529297
1238,1589.9351401478343,1584.2,61.822357177734375
1239,1579.5788704654624,1584.2,85.37519073486328
1240,1578.328142831284,1574.75,87.51228332519531
1241,1579.7033781410937,1558.35,63.099098205566406
1242,1584.7768920482195,1553.3,302.4352722167969
1243,1579.807174329253,1563.3,441.7823181152344
1244,1576.707651536126,1572.65,497.0520935058594
1245,1569.0661593333352,1572.65,272.4075012207031
1246,1557.7161931571318,1572.65,153.20614624023438
1247,1555.4746220501693,1573.2,291.66534423828125
1248,1565.8022414394363,1570.5,263.3095703125
1249,1568.0406207591295,1563.7,113.18304443359375
1250,1571.675157055026,1575.05,149.44033813476562
1251,1572.4447398451885,1581.4,109.19744873046875
1252,1573.6999329411774,1581.4,82.10055541992188
1253,1572.7340079213755,1581.4,58.158348083496094
1254,1569.4749369585334,1580.8,160.12838745117188
1255,1577.8638291396783,1589.85,60.16082763671875
1256,1588.029244882884,1604.2,107.5008773803711
1257,1588.3146604890208,1619.0,254.49264526367188
1258,1589.8126211273047,1643.3,527.1307373046875
1259,1596.46861109155,1643.3,1948.713623046875
1260,1614.3600919535966,1643.3,1685.9869384765625
1261,1631.1555562159338,1671.65,1217.4365234375
1262,1647.1733446121216,1650.3,1725.58203125
1263,1669.394655502343,1634.9,650.3964233398438
1264,1655.3310404418444,1652.0,564.5067138671875
1265,1651.620170554379,1609.85,1044.767333984375
1266,1676.7764049623074,1609.85,2398.176025390625
1267,1646.7968931085052,1609.85,1975.068359375
1268,1626.127266955118,1599.65,1151.5338134765625
1269,1627.4894195007946,1615.5,1926.6552734375
1270,1608.7437055341143,1641.85,506.5513610839844
1271,1596.3644442558289,1659.6,673.3984375
1272,1613.3828678131104,1683.65,999.0374755859375
1273,1621.9166963100433,1683.65,3022.068359375
1274,1620.8069989085197,1683.65,2669.9248046875
1275,1686.0631921392633,1672.5,2823.062744140625
1276,1688.158932551829,1655.7,381.53582763671875
1277,1698.4493353605503,1653.75,587.8773193359375
1278,1677.8382601819103,1570.7,592.3797607421875
1279,1670.6796534833047,1562.8,5500.7080078125
1280,1643.7369836592625,1562.8,6592.68359375
1281,1622.769252633385,1562.8,5001.376953125
1282,1613.2809426445092,1487.7,5992.05126953125
1283,1554.0236875483024,1536.2,6119.4970703125
1284,1526.117311567068,1498.2,2996.039794921875
1285,1524.1923686961381,1474.25,3878.813232421875
1286,1541.9620990008116,1494.4,4522.79345703125
1287,1450.9761831368232,1494.4,2732.201904296875
1288,1504.6999766555236,1494.4,2158.17724609375
1289,1494.936444546387,1525.4,1269.055908203125
1290,1483.4547580723884,1605.75,1323.52294921875
1291,1486.6350891847105,1605.45,4134.18798828125
1292,1529.9815209338703,1634.8,5164.3720703125
1293,1521.3166010713612,1617.3,7225.8837890625
1294,1593.0302827692067,1617.3,8724.947265625
1295,1678.014997959137,1617.3,960.5851440429688
1296,1626.4343051612377,1618.3,1910.9075927734375
1297,1655.2047255888465,1608.95,1761.8980712890625
1298,1619.0313546954567,1576.55,571.7080688476562
1299,1610.7106150823092,1616.8,927.5382080078125
1300,1609.5523258774483,1613.1,648.751953125
1301,1611.208542047636,1613.1,619.29248046875
1302,1597.61719230593,1613.1,574.2037963867188
1303,1588.4321531701426,1648.3,678.4869995117188
1304,1614.9854557169747,1649.25,733.2296142578125
1305,1626.6454193368263,1647.8,695.5878295898438
1306,1628.4843794536719,1680.65,645.8214111328125
1307,1629.7922967066115,1680.65,2000.099853515625
1308,1676.1933633961016,1680.65,958.2088623046875
1309,1669.053524583578,1680.65,503.94171142578125
1310,1665.9860790073872,1680.65,877.0504760742188
1311,1700.720596092433,1741.9,494.1995544433594
1312,1696.9055486179423,1718.65,1402.025634765625
1313,1696.108960614656,1729.5,915.3299560546875
1314,1694.8549756265857,1692.55,1364.3826904296875
1315,1697.2990342412959,1692.55,1161.09033203125
1316,1773.3510016915534,1692.55,954.6685791015625
1317,1724.4595489382118,1686.2,1842.6851806640625
1318,1717.8196074687003,1682.05,1150.9158935546875
1319,1687.3616156682692,1710.55,543.855224609375
1320,1686.3551328980247,1736.25,456.4344177246094
1321,1685.2395134568214,1715.9,875.4734497070312
1322,1695.7825548648834,1715.9,732.8648071289062
1323,1676.452619076299,1715.9,850.6266479492188
1324,1726.2831954440335,1714.95,1627.1444091796875
1325,1749.9067649245262,1691.55,249.2125244140625
1326,1719.2929847538471,1703.35,675.3560791015625
1327,1710.466341599822,1702.75,415.018798828125
1328,1707.7759493887424,1686.25,367.65460205078125
1329,1705.4355555027723,1686.25,553.5813598632812
1330,1678.3856369701025,1686.25,191.19448852539062
1331,1693.649044667989,1709.1,173.21627807617188
1332,1697.334239498865,1699.55,187.76821899414062
1333,1689.0525674802484,1691.5,177.40408325195312
1334,1680.3371273537778,1704.05,99.01518249511719
1335,1691.6329832892152,1704.05,347.27423095703125
1336,1712.4046480183606,1704.05,92.63326263427734
1337,1704.4683406656986,1704.05,82.67530822753906
1338,1695.9749046591241,1702.75,96.00820922851562
1339,1701.9348263810389,1702.4,46.03274154663086
1340,1706.0165654384473,1708.4,12.345243453979492
1341,1703.049591244402,1731.6,23.45740509033203
1342,1706.9285227289074,1735.35,290.6399230957031
1343,1709.3921876173117,1735.35,301.7672424316406
1344,1712.1849370307173,1735.35,516.2220458984375
1345,1721.939966586011,1734.7,596.7597045898438
1346,1749.334171426599,1737.95,218.60452270507812
1347,1743.7786802536575,1748.3,48.477516174316406
1348,1740.0579193525773,1724.9,151.62628173828125
1349,1735.8400502314762,1733.55,308.55511474609375
1350,1735.2947413392685,1733.55,203.52256774902344
1351,1738.6591275552346,1733.55,164.0828399658203
1352,1748.806493892509,1733.55,193.72421264648438
1353,1728.030158263573,1720.25,121.71048736572266
1354,1728.4287492864678,1694.6,92.30853271484375
1355,1726.6382679909439,1717.35,464.84716796875
1356,1728.0356812241516,1728.7,266.6139221191406
1357,1718.079008715693,1728.7,272.5135803222656
1358,1716.1299395393144,1728.7,156.61572265625
1359,1697.7673788929387,1730.6,439.697265625
1360,1717.5970886267023,1742.15,317.93023681640625
1361,1733.2207436558238,1705.35,378.35760498046875
1362,1730.9731875850412,1700.05,571.5358276367188
1363,1726.5458273184777,1683.45,712.7879638671875
1364,1723.7801976927585,1683.45,1434.310791015625
1365,1732.3028550854215,1683.45,1795.162109375
1366,1698.6879024256195,1690.35,1380.6240234375
1367,1688.5720984133004,1713.5,528.285888671875
1368,1682.6929759216873,1722.05,524.83251953125
1369,1688.7987816427049,1738.25,794.204833984375
1370,1677.8566563101704,1733.5,1564.586669921875
1371,1707.5809597747866,1733.5,2115.619140625
1372,1734.5875136852264,1733.5,665.2664184570312
1373,1739.1526996693574,1710.45,185.6901092529297
1374,1747.3863407075405,1719.85,450.0834045410156
1375,1732.7001459896564,1724.35,319.7259826660156
1376,1728.705444663763,1719.5,360.20263671875
1377,1725.9709246903658,1734.75,279.6399841308594
1378,1714.8915237933397,1734.75,212.1822052001953
1379,1716.485529601574,1734.75,153.79727172851562
1380,1726.1037114560604,1761.85,197.46685791015625
1381,1730.5916177034378,1768.9,905.2275390625
1382,1742.5698714852333,1766.05,625.4276123046875
1383,1746.874792009592,1756.55,581.2142944335938
1384,1748.0810465812683,1747.6,606.3026733398438
1385,1777.569377371401,1747.6,331.364013671875
1386,1774.7710478877707,1747.6,219.2524871826172
1387,1764.6022969010373,1771.6,321.0122985839844
1388,1755.3249959442983,1768.1,239.0456085205078
1389,1748.2661456180867,1771.05,139.97012329101562
1390,1750.0788836861757,1777.45,336.9950256347656
1391,1754.2046024802548,1772.9,651.0880126953125
1392,1776.2886308500747,1772.9,250.3911590576172
1393,1775.2183139779227,1772.9,106.6683120727539
1394,1775.4559040491877,1787.9,120.88874816894531
1395,1781.6642024611065,1789.55,121.208740234375
1396,1778.1733386675478,1811.1,75.84535217285156
1397,1780.3208290801558,1812.1,529.21142578125
1398,1784.4189654462389,1803.1,648.81787109375
1399,1803.3230611642211,1803.1,452.9933166503906
1400,1802.8220097050362,1803.1,296.6733093261719
1401,1826.1181914093177,1807.5,200.26153564453125
1402,1814.2815529887012,1801.9,93.93312072753906
1403,1805.9536907010843,1804.6,143.02455139160156
1404,1801.9546361740358,1807.7,65.08457946777344
1405,1803.062598397897,1807.35,34.507720947265625
1406,1807.0094843000552,1807.35,24.821842193603516
1407,1802.3237451910973,1807.35,24.05313491821289
1408,1805.685412734747,1815.65,21.492725372314453
1409,1809.1239396664314,1842.55,40.58131790161133
1410,1814.3033530239773,1852.4,504.961669921875
1411,1817.2696365632582,1878.3,860.0543212890625
1412,1828.7988145970448,1902.1,2683.673583984375
1413,1840.1986992501043,1902.1,3381.275390625
1414,1880.5910733886412,1902.1,3010.918212890625
1415,1886.073147216186,1936.65,1647.7451171875
1416,1916.2153148493962,1940.9,2311.271484375
1417,1934.3006839314621,1950.9,667.9439697265625
1418,1924.181148031057,1957.65,889.1306762695312
1419,1924.1330774578673,1964.9,1958.4898681640625
1420,1967.517822130234,1964.9,965.3804931640625
1421,1960.2238607691543,1964.9,340.65362548828125
1422,1967.6538036893326,1958.55,406.01422119140625
1423,1966.5943990332744,1977.9,151.73550415039062
1424,1972.5501178261475,2048.15,211.10263061523438
1425,1976.571687140051,2067.15,2282.04296875
1426,1983.0939422245428,2031.15,3726.72900390625
1427,1989.8672965171718,2031.15,3633.53369140625
1428,2015.535403978458,2031.15,3394.82177734375
1429,2098.301277958264,2044.5,836.2340087890625
1430,2084.1844176410814,1939.65,1139.036376953125
1431,2029.821428494819,1931.9,6835.6728515625
1432,2002.8111982342089,1944.25,6649.3701171875
1433,2000.1246895506047,1944.75,5469.9150390625
1434,2009.0091181714379,1944.75,5850.1923828125
1435,1924.9344218373299,1944.75,2844.30078125
1436,1923.1631620824337,1972.85,374.79974365234375
1437,1939.5227292180061,2008.75,1066.352783203125
1438,1957.4719821810722,1981.0,2284.088623046875
1439,1903.7905707657337,1927.15,1293.7830810546875
1440,1956.1376008987427,1924.35,6115.5703125
1441,1987.4594841579674,1924.35,600.78955078125
1442,2016.0528622567654,1924.35,2070.66796875
1443,1968.4114859998226,1943.95,3515.78369140625
1444,1924.4984080642462,1911.15,769.85107421875
1445,1913.2584369182587,1932.95,730.9158935546875
1446,1919.1071682423353,1923.85,691.8817749023438
1447,1909.5775863528252,1957.35,666.1478881835938
1448,1917.808986870412,1957.35,1077.503173828125
1449,1924.9150828135898,1957.35,1555.703857421875
1450,1936.518612499931,1957.35,404.26055908203125
1451,1937.027970189869,1972.35,572.7781372070312
1452,1970.087928356792,1947.05,411.0528869628906
1453,1964.7518062502786,1940.45,317.2251892089844
1454,1961.0618576302077,1926.3,410.50567626953125
1455,1953.3544757000273,1926.3,583.0863037109375
1456,1966.8650393211283,1926.3,825.3211669921875
1457,1940.290913421377,1928.45,721.3610229492188
1458,1930.0074808533973,1910.95,243.96084594726562
1459,1918.3408229748093,1947.2,275.01519775390625
1460,1922.1891895006265,1966.25,569.7413940429688
1461,1916.492770072422,1947.4,822.5714111328125
1462,1932.439813982346,1947.4,850.8935546875
1463,1919.8734767045535,1947.4,770.854736328125
1464,1961.5364135961863,1958.7,580.664794921875
1465,1979.9757179617882,1949.35,126.09098815917969
1466,1954.7127134352922,1961.8,169.343505859375
1467,1947.9014214128256,1936.25,267.64117431640625
1468,1946.3824228942394,1950.85,304.78961181640625
1469,1957.008966654539,1950.85,222.16189575195312
1470,1947.3504485456215,1950.85,195.48480224609375
1471,1958.2905568560673,1909.35,200.9002685546875
1472,1934.472597312255,1906.0,538.160400390625
1473,1938.8891338725662,1873.4,728.5872802734375
1474,1934.1824880401837,1861.75,2075.1640625
1475,1926.1254952253803,1859.7,3324.456298828125
1476,1880.7556302497978,1859.7,2313.9501953125
1477,1876.7292123921143,1859.7,1348.5865478515625
1478,1858.087247712996,1864.3,875.80908203125
1479,1853.6233855494065,1883.95,346.69305419921875
1480,1833.328848392266,1886.9,484.28143310546875
1481,1863.0279047489166,1902.0,1100.7001953125
1482,1852.5954686672267,1903.05,752.7823486328125
1483,1874.1082499092736,1903.05,1548.173583984375
1484,1905.7561917852145,1903.05,494.08636474609375
1485,1901.2419444986153,1909.6,186.66209411621094
1486,1917.2466402053833,1913.4,150.98526000976562
1487,1909.1616907495772,1884.5,55.206764221191406
1488,1904.8334050695703,1887.45,329.72015380859375
1489,1900.7207510022708,1923.25,228.38687133789062
1490,1911.3717137110216,1923.25,358.2991638183594
1491,1915.0124283757905,1923.25,223.4267578125
1492,1892.6641308284452,1925.5,386.27691650390625
1493,1893.8706396352864,1891.3,696.6392211914062
1494,1927.9486443400383,1910.05,409.1593017578125
1495,1931.1882190704346,1891.9,280.7681579589844
1496,1921.3479821681976,1905.05,881.73876953125
1497,1915.7735785245895,1905.05,955.3284301757812
1498,1892.3143882751465,1905.05,329.5603942871094
1499,1900.806012839079,1905.6,192.99754333496094
1500,1894.8620248436928,1898.4,201.93704223632812
1501,1903.9416096806526,1924.15,67.34335327148438
1502,1899.2126438469859,1900.95,267.560546875
1503,1907.512721691237,1903.65,362.23004150390625
1504,1903.7561890838333,1903.65,206.974365234375
1505,1900.725237145889,1903.65,219.73410034179688
1506,1929.0765741138894,1898.45,153.69143676757812
1507,1903.3388040494829,1905.7,214.6605987548828
1508,1901.2173002700947,1869.95,74.9516372680664
1509,1896.1895955084547,1870.3,525.0916748046875
1510,1897.0613411148515,1881.85,566.5673828125
1511,1881.3746444080534,1881.85,388.291748046875
1512,1895.2941023989406,1881.85,423.5771484375
1513,1868.7548148680653,1889.9,324.0333251953125
1514,1867.7594382410898,1908.3,260.8739013671875
1515,1881.6211056262691,1900.15,588.118408203125
1516,1889.5017669298104,1938.45,526.6806640625
1517,1881.8148673151518,1940.8,1532.4677734375
1518,1907.693941334277,1940.8,2194.3974609375
1519,1931.1927574650908,1940.8,1026.85302734375
1520,1920.8405023207306,1867.3,995.4895629882812
1521,1957.1176181859337,1878.7,1928.591064453125
1522,1938.1473747539712,1860.95,3607.829345703125
1523,1923.931952242856,1874.85,4103.65771484375
1524,1913.7845571396902,1890.9,3266.024658203125
1525,1861.886841505242,1890.9,1123.671630859375
1526,1863.6200853957416,1890.9,543.055419921875
1527,1862.2725209506752,1885.6,727.4556884765625
1528,1878.2975366126338,1889.05,430.5350036621094
1529,1861.0596461138775,1876.1,138.0699462890625
1530,1891.6411818600027,1857.35,1486.237060546875
1531,1886.1983632195916,1875.7,493.9239196777344
1532,1880.1811926411465,1875.7,276.1219787597656
1533,1879.642455933179,1875.7,257.0972595214844
1534,1872.374244045437,1840.2,162.97366333007812
1535,1856.1442935390078,1799.6,319.0124816894531
1536,1858.8385857372632,1810.2,1136.651123046875
1537,1858.8801337192417,1807.4,1247.625732421875
1538,1846.0492151594663,1779.3,1960.863037109375
1539,1816.9453597641404,1779.3,2260.15869140625
1540,1784.8341522625124,1779.3,1283.656494140625
1541,1787.228023054573,1762.55,845.4890747070312
1542,1787.8545526603411,1810.75,1120.1484375
1543,1759.461655660998,1822.6,1049.3616943359375
1544,1762.7349551248626,1832.35,1209.0465087890625
1545,1786.510449833906,1843.0,1594.9803466796875
1546,1781.1314940957382,1843.0,2363.34228515625
1547,1824.4004421830177,1843.0,1686.057861328125
1548,1845.1327007136424,1859.95,558.5238037109375
1549,1854.3180147879903,1868.15,438.18951416015625
1550,1859.8674566745758,1841.75,289.8876037597656
1551,1852.0930562019348,1844.35,277.69683837890625
1552,1849.6791824102402,1842.0,241.08837890625
1553,1866.9058549246984,1842.0,254.9580535888672
1554,1866.3202029853346,1842.0,436.1348571777344
1555,1841.9831214465376,1831.15,147.85850524902344
1556,1836.8922916589145,1850.65,159.58535766601562
1557,1838.4715746458096,1851.95,139.1651611328125
1558,1843.17579578008,1890.75,154.3360137939453
1559,1837.1596646992475,1879.75,877.2445068359375
1560,1845.3147372833337,1879.75,1290.87255859375
1561,1865.4148821275157,1879.75,898.26171875
1562,1869.5271882071975,1880.0,711.6498413085938
1563,1915.348930209875,1877.1,328.29901123046875
1564,1885.9941662549973,1875.0,365.02227783203125
1565,1880.6559119224548,1875.0,406.87493896484375
1566,1876.9272030293941,1875.0,119.85548400878906
1567,1877.4451606571674,1875.0,45.5515022277832
1568,1869.4965863227844,1875.0,6.489686489105225
1569,1874.3889832496643,1875.0,35.94413757324219
1570,1874.4666385650635,1874.3,2.6703689098358154
1571,1874.763925075531,1887.6,2.144402027130127
1572,1874.9063802885212,1887.6,78.86360168457031
1573,1876.6788393259048,1887.6,82.54815673828125
1574,1879.0926039218903,1887.6,97.12673950195312
1575,1880.0575286149979,1887.6,110.70741271972656
1576,1895.7094516182115,1943.2,40.24087142944336
1577,1897.4650533830718,1940.35,1133.70703125
1578,1899.988646537764,1931.95,1350.34619140625
1579,1900.4926901103463,1920.1,1395.1474609375
1580,1904.0027685428067,1862.9,1484.6099853515625
1581,1975.5703708144138,1862.9,1679.115234375
1582,1933.7290437217162,1862.9,4764.92724609375
1583,1913.0450080819428,1847.25,3022.969482421875
1584,1890.7322589706746,1841.25,3866.453125
1585,1852.5008104703593,1858.85,1115.1859130859375
1586,1844.6636297314762,1841.75,539.1295166015625
1587,1842.2399732166232,1839.0,593.2612915039062
1588,1836.9415014111728,1839.0,328.62689208984375
1589,1807.7000659562982,1839.0,198.87234497070312
1590,1847.2135355324135,1833.05,1499.174560546875
1591,1840.4895490331983,1834.7,72.70244598388672
1592,1834.0563583978,1856.6,35.00173568725586
1593,1837.8645308926207,1862.1,201.9348907470703
1594,1842.5344753947938,1852.7,227.1843719482422
1595,1831.8419802188873,1852.7,218.0979461669922
1596,1843.524164557457,1852.7,474.0806579589844
1597,1868.377287685973,1856.85,81.59456634521484
1598,1865.9362272951694,1856.6,92.30056762695312
1599,1856.290436087722,1843.0,29.24920654296875
1600,1850.8839005808331,1853.7,120.80357360839844
1601,1851.3522775688252,1863.8,75.15370178222656
1602,1856.4033127220318,1863.8,76.29485321044922
1603,1854.614081191612,1863.8,68.3536605834961
1604,1849.9635492365996,1862.95,135.66778564453125
1605,1856.0795538020102,1833.1,72.21482849121094
1606,1866.0427567592706,1835.45,312.7784118652344
1607,1862.724131138748,1785.9,310.37994384765625
1608,1853.0537585065758,1802.95,2389.680908203125
1609,1841.6511417308357,1802.95,2643.219482421875
1610,1816.4173447712528,1802.95,1616.887939453125
1611,1811.9859192029253,1835.25,1229.082275390625
1612,1781.9103260044358,1839.6,1002.9293823242188
1613,1799.6479999921285,1842.65,1089.611572265625
1614,1797.5276168689452,1840.1,1187.443115234375
1615,1821.9389947939053,1816.35,1520.6591796875
1616,1838.4096041321754,1816.35,277.237060546875
1617,1845.3414009762782,1816.35,283.3625183105469
1618,1842.155896993885,1817.3,383.713623046875
1619,1831.5055235637847,1794.25,479.78570556640625
1620,1811.4618966083071,1780.7,457.64599609375
1621,1803.224828758015,1773.15,459.092041015625
1622,1801.4746797381158,1786.2,551.4036254882812
1623,1801.9340492782358,1786.2,488.1106872558594
1624,1774.3969601369026,1786.2,303.547119140625
1625,1774.6300637522509,1807.45,80.17231750488281
1626,1773.5090649998165,1799.65,562.1533813476562
1627,1788.0494446047815,1788.0,399.7098388671875
1628,1779.6786573827267,1779.65,289.2705993652344
1629,1787.5929498768528,1742.85,499.9214782714844
1630,1809.3690963643894,1742.85,1035.650390625
1631,1786.717279356526,1742.85,1722.042724609375
1632,1771.0119405606383,1734.15,1393.8056640625
1633,1757.229409859283,1723.85,1362.498046875
1634,1731.7062008666835,1711.4,685.8129272460938
1635,1722.1019503891512,1712.1,493.4308166503906
1636,1721.182606458664,1696.25,296.0003967285156
1637,1718.5894132761023,1696.25,388.23565673828125
1638,1693.6027616813153,1696.25,333.5343322753906
1639,1701.3224374240453,1687.05,274.7503356933594
1640,1698.7617472655475,1716.9,477.04156494140625
1641,1688.9046616353517,1716.2,380.51226806640625
1642,1690.7878690931684,1724.25,285.5392761230469
1643,1694.935111040264,1704.8,510.73602294921875
1644,1697.3311221142576,1704.8,436.09515380859375
1645,1719.8137126860092,1704.8,127.2061538696289
1646,1720.2584615350497,1723.65,88.30986022949219
1647,1728.2373988330364,1735.0,126.4115982055664
1648,1707.8148007839918,1729.65,99.13339233398438
1649,1707.568658709526,1725.9,110.23636627197266
1650,1711.3947034478188,1735.2,307.20977783203125
1651,1729.1539312005043,1735.2,292.1561584472656
1652,1744.4568020105362,1735.2,139.5130157470703
1653,1735.45543551445,1736.15,44.66354751586914
1654,1730.035297870636,1726.2,110.26762390136719
1655,1733.503558301978,1730.5,90.29341125488281
1656,1734.9472815107874,1737.3,23.475048065185547
1657,1735.2692465762666,1731.8,22.344127655029297
1658,1734.8701515494613,1731.8,38.06987762451172
1659,1728.1569244840284,1731.8,17.358848571777344
1660,1729.9745964493195,1705.95,15.528053283691406
1661,1734.019651875089,1683.95,274.8056945800781
1662,1726.7537781731517,1691.05,740.1261596679688
1663,1720.761583644242,1726.05,1019.1189575195312
1664,1720.144004572052,1726.05,710.781494140625
1665,1702.5972618184314,1726.05,512.8592529296875
1666,1682.9735572638165,1726.05,771.3851928710938
1667,1697.1307397484925,1726.05,1047.118408203125
1668,1726.4311971581192,1744.65,488.2974548339844
1669,1730.1835855759273,1738.05,411.46575927734375
1670,1733.4842009859276,1755.5,253.68344116210938
1671,1733.1113616914372,1741.2,363.83709716796875
1672,1733.638727647165,1741.2,230.52206420898438
1673,1755.9351452558913,1741.2,186.10379028320312
1674,1745.1331584461586,1732.85,133.45968627929688
1675,1758.829306781292,1747.95,246.13198852539062
1676,1742.7085685431957,1735.55,129.56309509277344
1677,1739.5420753061771,1757.2,126.78133392333984
1678,1738.7626420855522,1774.45,169.2315673828125
1679,1738.3327975869179,1774.45,609.6578369140625
1680,1748.4217050897423,1774.45,784.60595703125
1681,1748.719885238359,1774.5,902.8351440429688
1682,1770.2866646944894,1777.85,604.2212524414062
1683,1788.2679968607845,1798.2,134.36752319335938
1684,1784.7766790588212,1787.75,183.94569396972656
1685,1780.9359121802845,1781.8,236.3809356689453
1686,1779.427963256836,1781.8,194.34957885742188
1687,1784.2907176921435,1781.8,129.97885131835938
1688,1807.808519674698,1773.35,69.41354370117188
1689,1788.0469028368825,1784.15,284.04022216796875
1690,1780.8104657603544,1772.2,127.06684875488281
1691,1777.3797069123393,1762.65,175.27992248535156
1692,1776.9022152484977,1767.65,183.46759033203125
1693,1765.6608040481806,1767.65,82.42445373535156
1694,1775.2780945249324,1767.65,110.12959289550781
1695,1768.9629844941737,1767.65,59.69586181640625
1696,1761.1109963453273,1797.75,44.39950180053711
1697,1766.9609593453279,1782.25,429.943359375
1698,1772.9344936415655,1813.15,489.57452392578125
1699,1772.181465685877,1836.55,1228.5465087890625
1700,1779.0135382254812,1836.55,2401.304931640625
1701,1825.2391370236874,1836.55,1886.0537109375
1702,1806.7425989806652,1840.45,1263.866943359375
1703,1837.430381160084,1829.1,1433.2724609375
1704,1855.125051473704,1830.7,135.95668029785156
1705,1842.3844163717295,1821.8,150.0554962158203
1706,1835.0552781273873,1838.1,455.963134765625
1707,1837.2257771185105,1838.1,278.36090087890625
1708,1830.7227987277292,1838.1,91.64292907714844
1709,1831.1086113964266,1853.7,69.00914764404297
1710,1828.2890086032712,1866.75,337.9819030761719
1711,1842.8166052846063,1888.45,456.83087158203125
1712,1849.0791317673575,1878.3,1097.124267578125
1713,1853.4487947332673,1875.9,1145.481689453125
1714,1873.1920010200702,1875.9,807.9635009765625
1715,1883.8846684098244,1875.9,200.77330017089844
1716,1902.8763659263786,1880.15,102.07432556152344
1717,1883.9281752444222,1887.0,125.6216049194336
1718,1878.0922567810485,1899.75,192.74244689941406
1719,1878.103062578346,1891.45,141.10421752929688
1720,1880.924388716492,1899.95,132.36451721191406
1721,1881.80545855526,1899.95,325.4139099121094
1722,1896.3843777179718,1899.95,358.9833984375
1723,1909.438068062067,1899.95,62.273223876953125
1724,1898.221908196807,1899.35,46.568668365478516
1725,1901.4685779121646,1902.75,76.0728988647461
1726,1901.3089012750424,1866.55,24.021442413330078
1727,1898.5914540520753,1890.6,447.27508544921875
1728,1895.7788803218864,1890.6,357.2396240234375
1729,1894.875291749122,1890.6,418.67938232421875
1730,1898.660109847784,1888.4,319.401611328125
1731,1865.9600419700146,1893.15,227.00439453125
1732,1885.3829940408468,1894.6,158.8784942626953
1733,1890.9849028140306,1888.65,143.25106811523438
1734,1893.282758295536,1881.05,81.75996398925781
1735,1881.9038009574433,1881.05,74.44165802001953
1736,1891.7611831128306,1881.05,220.4019012451172
1737,1890.2007929891988,1865.6,83.19276428222656
1738,1882.9792269177633,1865.1,237.3775177001953
1739,1874.276285004249,1860.75,214.964599609375
1740,1871.8133480385732,1778.7,282.12127685546875
1741,1865.0722861757095,1773.1,3234.531005859375
1742,1845.9430154346192,1773.1,5242.5087890625
1743,1827.3334583941905,1773.1,5940.40234375
1744,1824.1479242753412,1775.05,4296.7978515625
1745,1770.080176131276,1775.05,2223.249267578125
1746,1756.0760888127334,1791.6,602.7490844726562
1747,1767.6122093087179,1784.85,425.3765563964844
1748,1772.6660217940807,1786.65,488.70306396484375
1749,1725.4517014875455,1786.65,311.11419677734375
1750,1776.8776592340146,1786.65,3825.280029296875
1751,1800.8061414894619,1780.3,104.15678405761719
1752,1786.6972464037462,1755.45,139.54376220703125
1753,1781.811603250375,1763.15,425.8924865722656
1754,1778.4664791704781,1781.5,324.6239929199219
1755,1778.7854539710097,1786.15,209.64083862304688
1756,1772.468186554237,1786.15,153.3190460205078
1757,1760.3471942645265,1786.15,181.2966766357422
1758,1767.345997060802,1791.35,241.51339721679688
1759,1785.175101349465,1809.85,212.64297485351562
1760,1794.4515706481761,1804.65,339.962646484375
1761,1795.2315173973184,1807.7,212.07083129882812
1762,1795.0522339785966,1806.0,202.92807006835938
1763,1802.5585548303789,1806.0,172.37118530273438
1764,1822.6258826439735,1806.0,43.49393081665039
1765,1809.0712226048854,1792.4,86.84770202636719
1766,1806.7795162287293,1813.85,167.45919799804688
1767,1804.986302375837,1823.2,139.0923309326172
1768,1807.6774715984866,1823.75,125.18666076660156
1769,1808.1669280283677,1824.3,156.64938354492188
1770,1801.4278723086318,1824.3,323.6029357910156
1771,1821.3130769619165,1824.3,228.3207550048828
1772,1833.2061765851977,1814.9,87.16710662841797
1773,1828.1488148868084,1823.05,76.14917755126953
1774,1824.3461532128276,1802.15,140.55252075195312
1775,1820.3468153133872,1799.45,350.085205078125
1776,1818.2077458419953,1799.6,296.6572570800781
1777,1810.3047583887237,1799.6,248.14285278320312
1778,1813.1520303543803,1799.6,321.170166015625
1779,1799.517419735872,1800.2,165.6926727294922
1780,1796.2670606143365,1800.35,94.20042419433594
1781,1796.1197399585653,1796.6,74.23551940917969
1782,1798.8544428186142,1829.3,44.44507598876953
1783,1791.7706891054477,1825.75,439.39044189453125
1784,1803.383979639475,1825.75,628.0941162109375
1785,1807.0713959378481,1825.75,505.8294372558594
1786,1806.3253822350816,1811.45,601.8304443359375
1787,1844.776663513825,1812.65,289.7398376464844
1788,1831.3632049276785,1829.1,202.71307373046875
1789,1827.6234210222465,1800.75,217.4090576171875
1790,1821.0764276812843,1762.9,559.1917114257812
1791,1805.7322902527958,1762.9,1158.1070556640625
1792,1799.7677039653063,1762.9,1398.830810546875
1793,1811.5976646017662,1738.85,1888.101318359375
1794,1780.5899294950432,1723.35,2781.13525390625
1795,1747.3758988857808,1743.6,1429.7857666015625
1796,1742.077061098069,1747.4,747.38818359375
1797,1745.737830499871,1773.85,756.1842041015625
1798,1724.1027076095343,1773.85,891.4127197265625
1799,1711.203912096542,1773.85,1063.4605712890625
1800,1750.7693016398844,1786.35,1541.2237548828125
1801,1762.8382391205814,1789.45,878.1417236328125
1802,1789.4379163742415,1783.45,460.81500244140625
1803,1784.590632654421,1782.05,129.43182373046875
1804,1783.4149184162234,1779.05,223.9890899658203
1805,1794.1982298314833,1779.05,133.25425720214844
1806,1789.1556775322388,1779.05,119.49786376953125
1807,1782.9141752327705,1802.0,23.637487411499023
1808,1782.7796775671013,1808.45,161.2905731201172
1809,1783.5883701135754,1788.7,215.034912109375
1810,1784.8545253785705,1786.6,185.93206787109375
1811,1782.7959818780655,1798.5,183.16717529296875
1812,1813.1153945922852,1798.5,202.50277709960938
1813,1813.4400748038024,1798.5,132.76199340820312
1814,1791.9215544633335,1798.5,69.50113677978516
1815,1786.2516943726223,1814.85,92.94416809082031
1816,1799.519705944971,1811.8,170.41683959960938
1817,1804.749559022559,1812.55,222.47476196289062
1818,1799.1140356063843,1823.7,204.83340454101562
1819,1805.3300741314888,1823.7,455.8704528808594
1820,1826.9695168474136,1823.7,161.86508178710938
1821,1819.2229970164917,1821.6,111.4040756225586
1822,1818.2872963442933,1802.15,124.17936706542969
1823,1827.1446854741953,1786.0,228.59060668945312
1824,1821.7437681960291,1788.25,531.4625854492188
1825,1821.7437681960291,1794.6,701.4833984375
