,gold_credit_of_future_tendency
0,
1,
2,
3,
4,-1.0
5,-1.1298744337700803
6,-1.072820993625832
7,-0.8769844991680169
8,-0.7893671053887181
9,-0.7003812844362302
10,-0.33706497965379223
11,0.02607716248345442
12,-0.0004977804889457179
13,-0.0008076605971663566
14,0.0008644681318488627
15,0.002364064320540466
16,0.0032884247588549137
17,-3.71760725832816e-05
18,0.0006143527202966171
19,0.000581351825214815
20,0.0011275922315932725
21,-0.002389086758826418
22,-0.004422151612802615
23,-0.004835323427972931
24,-0.004099948569443418
25,-0.003831158418583537
26,0.0009674592844468992
27,0.00301956821578739
28,-0.0003735517474124164
29,-0.002619120911569432
30,-0.0063137371655107265
31,-0.008602137991754475
32,-0.011916719498059374
33,-0.004628107614081988
34,-0.002066212271916023
35,0.0005766398654768873
36,0.0010378140127757748
37,0.0024742695559439773
38,7.762365988360574e-05
39,-0.00017443156800249298
40,-0.00030480384366841885
41,0.00024865407486281756
42,-1.2063358493448017e-05
43,0.003786863658288963
44,0.0015553990655893034
45,-0.0001324113882615907
46,0.0004495840480870343
47,-0.0002550886428934712
48,-0.00016753151722082672
49,0.00038574167789415817
50,0.0029311798264768157
51,0.0016189624217351267
52,0.002234961131267163
53,0.002454358853543225
54,0.00261789868766407
55,0.0017157766415325762
56,0.0033279277865652756
57,0.0032214700008834233
58,-0.002204821474386351
59,-0.003054914593895873
60,-0.003375706575330176
61,-0.00028028739108537366
62,-0.0031546282972933657
63,-0.0028969347474495206
64,-0.00012214675195053933
65,-0.0011630364742863082
66,-0.008962255847669088
67,-0.004452426722022717
68,-0.004946745453843949
69,-0.009843776182313925
70,-0.009508756414151592
71,-0.0011105455612171213
72,-0.0024785641019865455
73,-0.0036244707690040313
74,-0.0015192061440933457
75,-0.0022964439601640707
76,-0.0014468622599030664
77,-0.001389186382354032
78,-0.0019070724918214398
79,-0.003329773234703585
80,-0.005125982438896314
81,-0.0036420016984482335
82,-0.0076252250407198765
83,1.3794146229866673e-05
84,0.0008192191513827862
85,0.001681736679455669
86,-0.0016154845933155112
87,-0.0026597174358587074
88,-0.002470998968786024
89,-0.002842529904730165
90,-0.002489471095769239
91,-0.0005399876986416929
92,0.0016672434341782386
93,-0.0010110356587891018
94,-0.004560708178243169
95,-0.0020891070427629206
96,-0.0023239546141464156
97,-0.004252210703782995
98,-0.0023823368421986035
99,0.0017372338951411157
100,-0.0018584856203049587
101,-0.002434309482976819
102,-0.00398493740326489
103,-0.004093122426627582
104,-0.007527599890140543
105,-0.00042906198741555877
106,0.00037224540317870857
107,0.0004204431358073584
108,0.0010294973538476746
109,-0.00014264144900330154
110,0.0015243114996243568
111,0.0012008574812763003
112,0.002514999493547061
113,0.003329248040411744
114,0.0058330503630244085
115,0.002482084749777548
116,0.002406792496302354
117,0.0035128082116239233
118,0.0039040450735160956
119,0.005057644623954598
120,0.006246991637299647
121,0.0044023747149580855
122,0.0032400919825363427
123,0.00045781982864200895
124,0.0028907665336160016
125,0.0036778033159961636
126,0.008100946787120348
127,0.0024793067379382514
128,0.005845627372256509
129,6.607218243713433e-05
130,0.0010185334948654215
131,0.0004158058165045131
132,0.0007341117983936744
133,0.004671372922226542
134,0.0012951698522131014
135,-0.002324808124171519
136,-0.0009998697165274637
137,-0.001310815213912674
138,-0.001948673308905238
139,-0.00030816862152528506
140,0.004105245181025505
141,0.001507286900670045
142,-0.0005007559828874486
143,0.0002924789789129447
144,-0.001855873135546823
145,-0.003989645000672008
146,0.0020018915956671983
147,0.00951997451126747
148,0.002001389114346782
149,0.005113047466798436
150,0.001106658745105897
151,0.0015251537408405352
152,0.0014037586312903557
153,0.002894098605894107
154,0.0014371500051608556
155,0.003916302380517509
156,0.00012401917793052053
157,0.0008860441446545343
158,4.400287782345327e-05
159,0.0004730924017505492
160,-0.0010523240459744552
161,0.00034193112490531034
162,0.0007548077869691319
163,0.0036110211017937044
164,0.0013992089326680698
165,0.001209734365720929
166,0.0021618828452252513
167,0.002924404034524648
168,0.0024860786168896098
169,0.0008586354485876112
170,0.0005468930269480729
171,-0.00012051688695598715
172,-0.0026535535116207123
173,-0.002334678847285579
174,-0.0011729182768241983
175,-0.0013403951520839978
176,-0.003728054902822374
177,-0.002874328158028328
178,-0.0049332415925092375
179,-0.005911204429932695
180,-0.008109804412318268
181,-0.001984696146845647
182,-0.0033986548511925553
183,-0.0012213884185888993
184,-0.00158574710822632
185,0.00023250045472600453
186,-0.004064200129234721
187,0.0010585633191208589
188,0.003259269471144025
189,0.005576242506647334
190,0.0041376601815906805
191,0.00976101504590456
192,0.002146139650227577
193,0.0029308947661162697
194,0.0033703314303978843
195,0.0038301769817334383
196,0.004763653979251719
197,0.002538362899139013
198,0.0003471461193974905
199,0.0005748576181746197
200,0.0005438132354925906
201,-0.00021551934489334458
202,0.0018477946839816955
203,0.00025123824183543664
204,0.00047158176997589077
205,-0.00035631465626416095
206,0.0013960665306152339
207,0.0016220869573851848
208,-0.00020501650590499425
209,0.0010588243913848558
210,0.0036778453892502313
211,0.002207151296095097
212,0.0025435857615017203
213,0.003984913446416654
214,0.002331521015593746
215,0.004725439420215331
216,0.0036370828233962763
217,0.002161926585601923
218,0.0030213115178130178
219,0.002734918301815579
220,-0.00020291624439244495
221,-0.000273337619667761
222,-0.0002626270111087492
223,-0.00025221349716617405
224,-0.0017152058170543049
225,-0.0017429416254189953
226,-0.0022474892562578735
227,-0.0018438024517145137
228,-0.001530783311718772
229,0.00011878059242747223
230,-0.000775291920448033
231,-0.0010285297530991866
232,-0.003711163981985118
233,-0.004951116387354881
234,-0.008429672168355782
235,-0.004113030876467132
236,-0.0036486898334713936
237,-0.0021740286616055457
238,-0.002209410091184206
239,-0.001459909449763941
240,-0.003684840674656645
241,-0.0038398564271966
242,-0.0066159783174393316
243,-0.004197254453682003
244,-0.004814868262740192
245,0.0016154955436139568
246,0.0022526579369632647
247,0.0032363202092340754
248,0.002371707195993094
249,0.003713858000303035
250,0.003981775217228667
251,0.005507796642065978
252,0.003461743511820938
253,0.007479621197331668
254,-2.4503905454761996e-05
255,0.0014098790027232265
256,0.0016235802829501268
257,0.0006368475560470965
258,0.0016408458914194768
259,0.0020044506598610114
260,0.0009815403655056675
261,0.0008126828593237358
262,0.0018337481371643524
263,0.0013153818096695107
264,0.001001590485192445
265,0.0023024242421729327
266,0.002919807783331756
267,0.00393149715636901
268,0.001482017498244795
269,0.0026990020711159884
270,0.0007344799548193275
271,0.0006806119430175968
272,0.00012706105103441837
273,0.0019633995880197386
274,-0.0007095664788266771
275,-0.0010677900419558705
276,-0.004007886193218731
277,-0.003438052950035128
278,-0.0045245850464028636
279,-0.00639760066229497
280,-0.003263922257495703
281,0.0021091667624846214
282,-0.0023670569421310648
283,-0.0013666313300467314
284,-0.002675138572534303
285,-0.001970025960583701
286,-0.004858345826077034
287,0.00035384631096373154
288,-0.000287599338130551
289,-0.001185215742798827
290,-0.001414530372838647
291,-0.0009971390687740515
292,-0.00039853912621355756
293,-0.0020538665565190076
294,-0.002937852034754324
295,-0.0029271808806286817
296,-0.00344880288379547
297,-0.0047162384385734885
298,-0.003645707458255834
299,-0.0021941036419051074
300,-0.0032603095290670357
301,-0.002590833679209378
302,-0.0030018766585128294
303,-0.0015425212066778912
304,-0.004421629861264091
305,0.0004229283909982628
306,0.0009378126477648041
307,0.0021682496914257614
308,0.0005126319242623606
309,0.004997043191205209
310,0.0028723195733026388
311,0.005648390112046413
312,0.003261156568261071
313,0.002813420780890157
314,0.003806494886121426
315,0.0043351500636356075
316,0.002521478282574585
317,0.0017892626919532326
318,0.004491910211135284
319,0.002483421457763937
320,0.0021335415256287485
321,0.004344684124204797
322,0.003197144243273423
323,0.0019752979760499488
324,0.0025496858412566376
325,0.001551973743631481
326,-0.0001831439733949345
327,0.00011039170609143331
328,0.00022103359861405832
329,0.00024575895588287
330,0.00031216716020317876
331,0.002126632156206046
332,0.0020553485848061742
333,0.0023083735005259244
334,0.0025516311898770984
335,0.0028111333583925374
336,0.0013840696201041927
337,0.003386714320426221
338,0.003737938807530666
339,0.0009926845646052013
340,0.0010353909210250006
341,0.001585719434915184
342,0.0032488105018959102
343,0.001795449058600259
344,0.0007594404238544069
345,0.0006534214248729831
346,0.002110618285088849
347,-0.0013773696264180136
348,-0.0003822719633404185
349,0.000560057431867743
350,0.0008406800637281741
351,0.0026673322516129095
352,0.0006487302031996556
353,0.00373131302510514
354,0.004403334251333721
355,0.006194207387641163
356,0.00456776993700687
357,0.012052197038514014
358,0.0022203674934769867
359,0.00254778980562554
360,0.0037661381136559037
361,0.003938121531491958
362,0.003212808672102634
363,0.005162858819873683
364,0.0007782479966557908
365,0.00010418192300566827
366,0.0003040447930242854
367,-0.001486572484629703
368,-0.0019228204303496609
369,-0.0007511141238887777
370,-0.0017697579158512085
371,-0.0031759883642771434
372,-0.003588120860239207
373,-0.0047379713875141715
374,-0.008126104406705819
375,-0.004269803435042718
376,-0.0019503257278129169
377,-0.003438161720732078
378,-0.002447034031899136
379,-0.0011957552740097098
380,-0.004713253357298189
381,-0.004845622277329077
382,-0.003086602899732623
383,-0.002990829760240098
384,-0.005963942976275607
385,0.0008263464885402
386,-0.0023366611662180604
387,-0.0020793968650805574
388,-0.004096440293900266
389,-0.0046650125390188014
390,-0.005440739709216858
391,-0.00030976159859809896
392,0.0004691034510074094
393,0.00035916023384549947
394,0.001326213989770439
395,0.0013060024910889563
396,0.004290003954511671
397,0.0030970603422568973
398,0.004049071597405467
399,0.005013953954069913
400,-0.00016979522422516029
401,4.5682542735455875e-05
402,0.001989534427642565
403,-0.0012362590033416026
404,-0.0008489108037323384
405,0.0012808684802682582
406,-0.0019586370510521517
407,-0.002104973010026636
408,-0.003124291032625854
409,-0.004014478007746176
410,-0.0068448495686306045
411,-0.0011429089546921816
412,-0.0018302583891752569
413,-0.002010586970283555
414,-0.0005808981162438648
415,0.0004909690449034932
416,-0.0011835761499971688
417,-0.0005032800707237789
418,-0.0006046221852882455
419,9.949789745151177e-05
420,0.00010548267048229904
421,0.002366687613087718
422,0.0028091324516790785
423,0.0015373983529362442
424,0.0021021932577280217
425,0.0013283464565853212
426,0.0009532911856334346
427,-0.0007836216603192812
428,0.0020146775263050606
429,0.00020064686499169152
430,-0.0004952426689895662
431,0.0003060455585030572
432,0.0008638470744619215
433,0.0008716381097283625
434,0.00017603250531759128
435,0.00036339209301389566
436,0.0006648338814155021
437,0.0008594341505997478
438,0.0008888075262361655
439,0.001251564557366806
440,0.0020295709361987076
441,0.0013664567945220146
442,0.00035881221909963987
443,0.0002526981242206649
444,-0.0009153485565668023
445,-0.001201577865585903
446,-0.0016801248437039729
447,-0.0006825384410274232
448,-0.0018523093587161183
449,-0.0026810707129508084
450,-0.003070593911774378
451,-0.004863313125596815
452,-0.0056831935820351575
453,-0.005890596228742266
454,-0.0038280878100301263
455,-0.0039369408834668464
456,-0.0020659893918649266
457,-0.002252484570485299
458,-0.0026983048178210603
459,-0.0038961854329584876
460,-0.0017793279593664585
461,-0.0011477433912443452
462,0.0008561277062265747
463,0.001453532440028403
464,0.0022053007525040494
465,0.0026545625426011954
466,0.0021714823649033434
467,0.001648041954033203
468,0.0028849205163209123
469,0.0009222555947160083
470,0.00219724471824024
471,0.002535119620660397
472,0.00266849393285823
473,0.003455855763112402
474,0.004639664210639005
475,0.005842660427711912
476,0.0057120441751545604
477,0.0088830043093345
478,0.00528124088904937
479,0.0037637224217168604
480,0.004494917830200845
481,0.005214972497800876
482,0.0036312877099233584
483,0.007237284950452062
484,0.0008328870351507493
485,0.0013014088510034708
486,0.0016696870910641458
487,0.0012468196740042623
488,0.0017612623860710597
489,0.0034690653048187136
490,0.0025379210421499006
491,0.0016600428933056706
492,0.003195278955035369
493,0.002640511476242202
494,0.002333020809084774
495,0.0012599669632284815
496,0.0036887295438725767
497,-0.0001355227075994988
498,0.000954635348679659
499,0.0017996951599090428
500,0.0010079442346915995
501,0.0019905225964900325
502,0.0034453990356852924
503,0.003545594399929631
504,0.0012815828984144286
505,0.004742052619133517
506,-0.0011251016880936167
507,-0.002079511233072947
508,-0.0023203794398807993
509,-0.001255689573698107
510,-0.0021983476803206746
511,-0.0024233411272711024
512,-0.0024026994386125836
513,-0.0025482367515565116
514,-0.0049290925863662485
515,-0.0027856577633001032
516,-0.0035506813848629527
517,-0.0032959528885075384
518,-0.0016305608205841164
519,0.0015105596253217452
520,0.0023715215432192046
521,0.0027835744898102406
522,0.0021538071243165733
523,0.002492685041167689
524,0.004140784517120343
525,0.004378400500676741
526,0.003737487643850728
527,0.0030188774646351243
528,-0.0017869108276159953
529,-0.0017712920451988913
530,-0.001129800571330311
531,-0.0008124846553718338
532,-0.0007536424944097815
533,-0.003011640010237166
534,-0.0035719109929932768
535,-0.004908617925982854
536,-0.0029183783762041257
537,-0.0034244179898855137
538,0.0009474000197089993
539,0.0005908746655167258
540,0.0011995926424660359
541,-0.0017296571830596938
542,-0.0012851885643636297
543,-0.0020559707083611127
544,0.00012888623647119884
545,8.045678281673647e-05
546,0.0021274576393555482
547,7.639596937993005e-05
548,-0.000907622251489808
549,-0.0015665510777147442
550,-0.0024962036771374783
551,-0.002338481024610486
552,-0.003451456892576412
553,-0.00020659452034385518
554,0.0003518528393247327
555,0.0019992883565996284
556,0.0021483745916851924
557,0.0034222052746104166
558,0.002834377938385372
559,0.004105822296799975
560,0.0037959024634939657
561,0.005789748436943638
562,0.003415331238573699
563,0.003924124868050682
564,-0.0007785763882152698
565,-0.0010981786818764286
566,0.0012535453243960662
567,-0.00021825061011348634
568,-3.5828519990479017e-05
569,-0.002237486100012014
570,-0.0028147636928693757
571,-0.0039944421050202815
572,-0.00202477353897359
573,-0.0010189816616329244
574,0.0037102120592498403
575,0.0029642629843160155
576,0.0011320509148239144
577,0.0008532104225319344
578,0.0020666956620627773
579,0.00209892905813041
580,0.0012912886849357735
581,0.003639286913669879
582,0.0036349631756169773
583,0.00042962610649091923
584,-0.0004619721326053249
585,-0.0011744204550123666
586,-0.0013028169250721773
587,-0.0015953658104601277
588,-0.002858304549444047
589,-0.0012254303813513177
590,-0.002027339552631093
591,-0.0026457461339040485
592,-0.002502964762353635
593,-0.0024869132756907436
594,-0.0042210381689059065
595,-0.005294035711675736
596,-0.0029273250099886867
597,-0.0031069005499386963
598,-0.004117381621521882
599,-0.0022818286738211834
600,-0.002012750395108541
601,1.580988115104003e-07
602,-0.00030785806372446206
603,-0.0014627394839988538
604,0.00019065579401567425
605,-0.000985460062187258
606,0.0016265243175866337
607,0.001507534949507369
608,0.0017145343273528156
609,-0.0010673539736200048
610,-0.0006419725988562866
611,-0.0010460149844679371
612,-0.0021220989403592985
613,-0.0031519659327000253
614,-0.0015646778168544693
615,0.0002595629040699243
616,-0.00200494419827769
617,-0.0024432368131603924
618,-0.0042428264049903346
619,-0.003676736978475142
620,-0.007146889265390404
621,0.0009719849207757745
622,0.001589998617174025
623,0.0033611533815379006
624,0.0006497721253966614
625,0.003785618592288764
626,-0.0004756169138299149
627,-0.0013230203886373487
628,-0.0005197787555619839
629,-0.00028246111292180474
630,-0.0009727175393924184
631,-0.0005152036587204135
632,0.0014764429538406045
633,-0.0006713778873667409
634,8.804358414666225e-05
635,-0.0006924983430022563
636,-0.0002142377959134411
637,-0.0024169956845630615
638,0.0015664744627082432
639,-0.0002017180614787949
640,-0.0003546711178198825
641,-0.002096738914780197
642,-0.0011376617255927316
643,-0.0017009558947522767
644,-0.0017437953868323479
645,-0.002335293640751958
646,-0.000418341850156224
647,-0.003479056354501806
648,-0.0029478305205942693
649,-0.0038604782698839065
650,-0.003553064221065998
651,-0.006828820972420191
652,-0.002165819267253393
653,-0.0038555853105429186
654,-0.0048903386148080675
655,-0.004873653707210773
656,-0.0031179429779273835
657,-0.002381852183660502
658,-0.0009050905339148129
659,-0.0007427621895492329
660,-0.001505186753391631
661,-0.0020476357230252416
662,-0.003013970616114914
663,-0.001099582707164043
664,9.71292975489349e-05
665,0.0009920610333722217
666,0.000575192416364184
667,-8.62588681696076e-05
668,-0.000870078844848924
669,-0.000725988487245407
670,-0.0010328232646606402
671,0.0007316674015934349
672,-0.002007514173740404
673,-0.0029634487368161437
674,-0.004085543602391133
675,-0.004720121662445646
676,-0.005279672801327359
677,-0.0037005362142966108
678,-0.0022024035008531046
679,-0.0012516276612737427
680,0.00013750764282426727
681,-0.001998907296866373
682,-0.002552948573300681
683,-0.0034657492712542324
684,-0.0012270834588919786
685,-0.0004008727213744605
686,-0.000604954543987915
687,3.44212794067018e-05
688,-0.000904213381192422
689,-0.0017192716791915204
690,-0.0018263886588188649
691,-0.002249449369348726
692,-0.0026280783650425993
693,-0.002798807545045486
694,-0.0008492318563586325
695,-0.0016688664701695604
696,-0.0011588585388762943
697,-0.0018164460797116164
698,-0.0006785573581067208
699,-0.001503243037553927
700,-0.002088858221423414
701,-0.0031476107657616216
702,-0.004807646913177338
703,-0.004582658308731563
704,-0.0038876648009110344
705,-0.0018498044343355775
706,-0.001999058687789435
707,-7.959136258700995e-05
708,-0.0021311427475806284
709,-0.0017581556489896575
710,-0.00493745488503467
711,0.0003476828587238537
712,-0.002042178476212775
713,0.0036507638485939664
714,0.004028100935813564
715,0.003883298210761646
716,-0.00010255782782517893
717,0.0020049915749783334
718,0.0018399376454830327
719,0.0019858930875909387
720,0.0009031174094700886
721,0.0041353819634663645
722,-0.0015949600478432366
723,-0.000995019562934172
724,-0.0015337053282593579
725,-0.0019101420166713011
726,-0.0020176352066756144
727,0.00028371465651020006
728,-0.0004845573880563908
729,-0.0008615639028220961
730,0.001597368902085614
731,0.0005473504005986281
732,-0.00031147921410629555
733,0.0013890626383926406
734,0.0011117432061226431
735,-0.0003291154064540764
736,0.0009559000193192431
737,0.004132706585459241
738,-0.0004917533432045782
739,-0.0013497059713374847
740,-0.0007677669002960485
741,-0.0008805012446745097
742,-0.0019323977108671908
743,8.060942874698528e-05
744,0.0007683893651680673
745,-0.002053650436340389
746,-0.0021946933817827427
747,-0.0030526208474250037
748,-0.0017254828770275018
749,-0.0008000209216674074
750,0.002105671904457801
751,0.0003878167635212187
752,0.001964673649168258
753,0.000950887261127857
754,-6.287760731191213e-05
755,-0.0005031778084813932
756,0.0027179691410391177
757,-0.0018375692870370823
758,-0.0010771008502347423
759,0.0012707915010655955
760,0.002701332458113804
761,0.00427663706938946
762,0.005283971713741172
763,0.004702276620754835
764,0.0031064616151710196
765,0.003895007513507379
766,0.006099521824210546
767,0.002436656313495199
768,0.0008130914005424914
769,0.0033470534730555856
770,0.000567448234658072
771,0.0013837012753300363
772,-0.0005071903723417628
773,0.0012481081832484086
774,0.001166352421196233
775,0.0012076337564457917
776,0.0002421288145963342
777,0.002033006730103698
778,-0.001709887913872468
779,-0.0018550351714310517
780,-0.00013214542317383301
781,-0.0006946081395108995
782,0.0004991541078091556
783,0.0014293286702451284
784,0.001055055320294696
785,-0.0011160627146358255
786,-0.0012142334589514752
787,-0.0024873058311590856
788,-0.002861851917875972
789,-0.002656529788822409
790,-0.0030774450323103357
791,-0.002811278640449455
792,-0.0015426339712854879
793,-0.0005671944828340705
794,-0.001012370776908819
795,-0.0005681716350571901
796,-0.0007906884305646632
797,-1.3431296730349006e-05
798,-0.0012396546084488952
799,0.002444041585548019
800,0.0017753976548906772
801,0.0037232851655275073
802,0.0002564973498737285
803,0.0007137021945078522
804,0.00033431663853876904
805,1.7949982291993528e-05
806,0.00027578375697189715
807,-0.0004297274883296272
808,-0.00013351900818005296
809,-0.0017191345333062926
810,-0.00015586212264132515
811,0.0005543198701991288
812,0.0018394622614669588
813,0.002292541336211037
814,0.00432248632713553
815,0.00486653600286204
816,0.003532924708867602
817,0.0030063538926291965
818,0.003395266653260452
819,0.004380729816155579
820,0.0003169290018914534
821,0.0009776537855254233
822,-0.00020458386467409468
823,-0.0009218687423374086
824,-0.0008436631407399575
825,-0.0002459848829196185
826,0.0005116747367463558
827,0.0019480162369788579
828,0.003141314039066408
829,0.003038750550464351
830,0.003010415469151972
831,0.0029634176037241166
832,0.002159488799285776
833,0.003050200285669502
834,0.0034635794665553356
835,0.0025291873626752228
836,0.0021516279573553436
837,0.0025920546527044997
838,0.003240757116416401
839,0.004383663735034458
840,0.004032707491037325
841,0.0038270496843370457
842,0.00513142477822919
843,0.004363283344748065
844,0.00031985606888380755
845,0.0016252603274694727
846,0.0015105463450400204
847,0.0024310263828197605
848,0.002368308338627249
849,0.004666195098421297
850,0.0013796945530923411
851,0.0004140603116154991
852,4.91722690082935e-06
853,0.001065056324825388
854,0.00039465591948879966
855,0.00024211218465103063
856,0.00035553094213117495
857,-3.6352019502057027e-05
858,-0.0008856701714696628
859,-0.0010255452247448715
860,-0.001202693595835365
861,-0.0010290987282940251
862,-0.0008159214736143091
863,-0.0004921074769606221
864,-0.0002076603078394959
865,0.0005582970730801115
866,0.00015185943534202963
867,0.0020135615178048954
868,0.0022934666344204034
869,0.004204140100493388
870,0.004745407787408054
871,0.007771448274803647
872,0.004357414425548923
873,0.004757282583725653
874,0.005205576140554181
875,0.0032430346106322
876,0.001602275020079183
877,0.0029200332741247275
878,-0.0007728007678773758
879,-0.000336794258281542
880,-0.0005762179864974949
881,-0.0011503763155416842
882,-0.0021860881938013154
883,-0.0006757706666885515
884,-0.0011718776197101692
885,-0.001118920555756812
886,0.0009931588708699916
887,0.0013503039824482666
888,0.001451272625407619
889,0.002620647984771657
890,0.0031186016017661694
891,0.003505617728829894
892,0.00327938015417118
893,0.003920143960133928
894,0.0025352151521427294
895,0.0037949374061489365
896,0.0029617197231404054
897,0.0026628510860151533
898,-0.0016785470712523394
899,-0.0031419753865609508
900,-0.004366426963952526
901,-0.004203788686716684
902,-0.006527695440410486
903,-0.005355247150401179
904,-0.003641707196480161
905,-0.004458415496703777
906,-0.0038764313999931264
907,-0.0017941593298781773
908,0.0006379394194021062
909,-0.002007858103357469
910,-0.0029128571110451423
911,-0.0017830020271927239
912,-0.0020436659742250085
913,-0.004131991507976839
914,0.002547015245173805
915,0.0014936973480100997
916,0.0015920630843936675
917,0.0016808755459727853
918,0.003997159793562392
919,-0.00042830475362725214
920,0.0010918469396613514
921,0.000602848165999418
922,0.0010610816029005838
923,0.0013409636647555136
924,0.0025404308843447257
925,5.731883345972408e-06
926,0.0002864149532182277
927,-0.0011673335218862302
928,-0.001339232296563892
929,-0.0022509435234613663
930,0.0008208206496081014
931,-0.0005010881908772546
932,-0.0007730052254976759
933,-0.0034027138444084667
934,-0.004451596233790077
935,-0.004496428413625669
936,-0.00398874304974835
937,-0.0031262148744279116
938,0.0019824975497110915
939,0.0017142577003388037
940,0.0015435843380329555
941,0.0007580981335996387
942,0.0006291715707418925
943,-4.287512004749012e-05
944,0.0013834191308735463
945,-0.0011634520785498105
946,-0.0012180337546048594
947,-0.0025896972451725656
948,-0.0033763293117005386
949,-0.0025938571736551725
950,-0.0010754490157509494
951,-0.00262516939044282
952,-0.0034082098814237783
953,-0.0032434063294459825
954,-0.0026424275012814787
955,-0.003028393858196191
956,-0.0017089302617736535
957,0.001879542346757091
958,0.002285513903912207
959,0.0007288899458649879
960,0.00021751252893206953
961,0.0009247785479286762
962,-0.00011437913290185164
963,0.00033243300751615635
964,-0.0004190714251500259
965,-0.00031075323640653615
966,0.0008113955889313702
967,0.0016110507038692515
968,-0.0001581332367561196
969,0.0005681797966181534
970,0.0008357219065035277
971,0.0010485011422196682
972,0.0004078972254486288
973,0.0029212371762961133
974,0.0026997284215707767
975,0.002060685638099069
976,0.0009152857906958004
977,-0.0004217614559867583
978,-0.001443110983421762
979,-2.6657287811423375e-05
980,-0.0008006124556589618
981,0.00044708715930651355
982,0.00038668381901696696
983,-0.0011590098437143019
984,-0.0015384828752408237
985,-0.0005043079406746653
986,-0.0020567871709613245
987,-0.0034526265432500377
988,-0.0011944586236445978
989,0.0012877448451596644
990,0.0007059978733940305
991,0.002236929165311125
992,0.002101466244819503
993,0.004629803978119608
994,0.00535269548157983
995,0.0051680869301201455
996,0.006328019578636467
997,0.00931314939850842
998,0.005381067966988646
999,0.0009514456454334826
1000,0.005982838650181854
1001,0.0006998817572946987
1002,0.0023422644419502864
1003,9.810784648653411e-05
1004,0.0027959434472694883
1005,0.004767966206746433
1006,0.0044622606546193605
1007,0.0014018100332954418
1008,-0.0026736523779580692
1009,-0.0012058714849208859
1010,0.0006195727249889447
1011,0.00937349623137709
1012,0.007959295832235536
1013,0.00789780581216576
1014,0.0019043232185801616
1015,-0.003424370463529204
1016,-0.006670083892347775
1017,0.0032593305887315405
1018,0.00915322551867253
1019,0.002443611085926386
1020,-0.0013865504843485418
1021,0.0031329603976069935
1022,0.012361884871571473
1023,-0.0008770922362407584
1024,-0.0037318886749231625
1025,-0.002335124045543841
1026,0.0016844960908929062
1027,-0.000826344248844702
1028,-0.006887176196166202
1029,-0.005307555184841672
1030,0.008712968249063527
1031,0.012634336430581504
1032,-0.0023402019369106815
1033,-0.005822014228232983
1034,-0.003718620679089597
1035,-0.00024842124911958214
1036,-0.005312448156252124
1037,0.002772395321691493
1038,0.005143506819798771
1039,0.002355778226057392
1040,0.0016027034079589358
1041,0.0007665088970007883
1042,0.0028619862400535876
1043,-0.001878704758375518
1044,-0.005008198248375928
1045,-0.004253306458043633
1046,0.005382599145404055
1047,0.004915478699217055
1048,0.0037187138955138105
1049,-0.0005753089502345053
1050,-0.0004091355270451255
1051,0.0003006477727287742
1052,-0.002870491042352814
1053,-0.0031240764272055096
1054,0.002656571740176653
1055,0.0006760489203673193
1056,0.0017345861215527362
1057,0.007264919032100921
1058,0.0022153698473877915
1059,-0.005101894944733594
1060,0.002280221249739484
1061,0.0015563223450672423
1062,-0.005033458473621823
1063,0.000563087933766432
1064,-0.003161258157245683
1065,0.012062099215120487
1066,0.003605020361903568
1067,-0.00010091746370347461
1068,-0.001285408393957461
1069,-0.0013143629213084394
1070,-0.0013773021243638891
1071,-0.004687503777278658
1072,0.0017766289885800526
1073,0.0019389619669129203
1074,0.0022948875230909753
1075,0.0036401104211564337
1076,0.0032645801927133856
1077,-0.0031374036275956664
1078,-0.0002979131346689287
1079,0.002198550649609554
1080,0.0006975680379108446
1081,0.0005475720622905708
1082,-0.0006268029256941847
1083,-0.003570987068551918
1084,-0.0065227812325957465
1085,0.006438287365857359
1086,0.006595537313536692
1087,0.0054811941512770196
1088,-0.0017545396888522518
1089,-0.0020778710991423963
1090,-0.0034674705853053214
1091,-0.00431531951519876
1092,0.0003080896801823136
1093,0.007145743929609324
1094,0.00016732948000764813
1095,-0.001062871596584877
1096,0.0003797892489751225
1097,0.006012867224675449
1098,-0.001309967950684035
1099,-0.007063166876703073
1100,-0.006973784627714242
1101,0.00412589365426428
1102,0.00023585709471433361
1103,-0.00032448832917248273
1104,-0.0013521512001975385
1105,-0.0018761488671966064
1106,-0.00040526853309564084
1107,0.0007601997771094659
1108,-0.0003201182790984107
1109,-0.004219448750559712
1110,-0.005511692894364087
1111,-0.00592065606948498
1112,0.004061194507271984
1113,0.005662950622649466
1114,0.01160516980732413
1115,0.005076673270250203
1116,-0.0028902900078968613
1117,-0.005092730248542512
1118,-0.00021301249724579993
1119,-0.005887957087101394
1120,-0.01023202160399822
1121,-0.00014861269453099425
1122,0.011761699527225873
1123,-0.0009144186042330377
1124,-0.0045469666755189805
1125,-0.004133012606732975
1126,-0.0006579437973300452
1127,0.003796554235051033
1128,0.008607204236269443
1129,0.0036333632728170135
1130,-0.003713543146876438
1131,-0.006403406810309926
1132,-0.004212069733225529
1133,-0.0004987133306163326
1134,5.5381758145386955e-05
1135,-0.0015020612320718052
1136,0.001974835647505409
1137,0.0014593101071859074
1138,0.0018785154973502173
1139,0.0001929698816095913
1140,-0.0004409901838290317
1141,-0.0061608303199334954
1142,-0.0036101793529722424
1143,-0.001988773671137957
1144,0.007989841268192582
1145,0.00863561606177588
1146,0.008509296338110197
1147,-0.0030366633818942074
1148,-0.010181596281439881
1149,-0.009284427296419796
1150,-0.00032702253525054305
1151,-0.0006055229390356453
1152,-0.000933292411899732
1153,0.0031372037160940485
1154,0.005959730561032213
1155,-0.0007911010856909781
1156,0.0005443850233220972
1157,0.002726757917209413
1158,-0.003380746050766885
1159,-0.0051529417649033935
1160,-0.0009924786170745067
1161,-0.0024072858158972026
1162,-0.00744566257298301
1163,-0.0008117968483234266
1164,0.0015478463581946784
1165,0.0004404088228380406
1166,-0.0002032231651783785
1167,-0.0005647547750901467
1168,-0.00041991928333791144
1169,7.284954563342418e-05
1170,0.0022902166560014934
1171,0.000737281227091161
1172,-2.5379890400808493e-05
1173,0.0012853547925201774
1174,0.0023224697478506553
1175,7.3567176287475254e-06
1176,-0.0014334704005251192
1177,-0.0014419571673273384
1178,-0.0023599939350575265
1179,-0.0003260990499920698
1180,-0.0015138625701458712
1181,-0.0025364218487708198
1182,-0.0029110897511058016
1183,0.006414410203098848
1184,0.006401873088642614
1185,0.006126856387854551
1186,-0.0017437679496504666
1187,-0.0034380654418983297
1188,-0.003663772730814935
1189,-0.0015134583024935928
1190,-0.0007144858240195122
1191,0.0012284575678286034
1192,0.0017178426236516935
1193,0.0004312367198343127
1194,-0.0010609925612089827
1195,-0.0018656387548092465
1196,0.003231179592525518
1197,0.0012336092389555607
1198,-0.0009470725436015757
1199,-0.00017893988004985897
1200,0.001843486946891625
1201,0.002880967783147807
1202,1.9169994373289525e-05
1203,0.0018891012761723845
1204,-0.0005891508084664863
1205,-0.0041055750997774495
1206,-0.006914729589321729
1207,0.006652895162668633
1208,0.003737759400947837
1209,0.0013691986500135012
1210,0.0017407763903212396
1211,0.00010965105141193439
1212,-0.005400807945423613
1213,-0.0015400458469174512
1214,0.0035774514057148035
1215,9.215413734922802e-05
1216,-0.0036288487630473445
1217,0.006779546360032553
1218,0.00492301295366942
1219,0.005911531706233852
1220,-0.0023429106570507195
1221,-0.0020138422403528145
1222,-0.0010534600665253442
1223,0.0011632084088003623
1224,-0.002250942777192061
1225,-0.0027079127947679782
1226,-0.002760981168288866
1227,0.0005098452157098043
1228,0.001842405770308006
1229,0.0010822684663966847
1230,0.0013283509354240154
1231,0.0018104982498502434
1232,-0.00229895210210716
1233,-0.0029562108977096973
1234,0.0009365811990856411
1235,0.0010684636987620415
1236,-0.0009240132723595031
1237,-0.002317477819837988
1238,0.0042677142522661434
1239,-0.0013880175660167353
1240,-0.003808588357846499
1241,-0.0012521524431038282
1242,0.004508299674782448
1243,0.006753263965317303
1244,0.008567013776009338
1245,0.004811823737874754
1246,-0.0037573649191669015
1247,-0.00852967720605473
1248,-0.004834176973596032
1249,-0.0002511197152211854
1250,0.0014082518762649986
1251,0.0015428142960372626
1252,0.001968803777870609
1253,-0.00030064295881911476
1254,-0.0034535243316281628
1255,0.0001575610795086389
1256,0.004519046210923984
1257,0.00366806205337408
1258,0.00021850614703564693
1259,-0.0026088821178147713
1260,-0.002960253688139419
1261,-0.005069944635037052
1262,-0.0016460610224076262
1263,0.006386520242891157
1264,-0.000560878198879675
1265,0.0009616503564653482
1266,0.015788215185043836
1267,0.007000528541300822
1268,0.005088000823454643
1269,0.013727019131057967
1270,0.0005410114585069057
1271,-0.0037280965127443125
1272,-0.0060136885953195485
1273,-0.008936301943211678
1274,-0.012372709584141179
1275,-0.002145016377745824
1276,-0.003116670414850756
1277,0.0013680786910259062
1278,0.0076572569686333206
1279,0.012010179597780751
1280,0.011445641761269054
1281,0.013708285881298483
1282,0.028037436772128554
1283,-0.008637954616579492
1284,-0.011600449966232941
1285,0.0015877208369269621
1286,0.015721703398882406
1287,-0.015965800852990045
1288,0.016478010529435417
1289,0.006330054619441288
1290,-0.010790538624844609
1291,-0.007750725299533639
1292,-0.007900719010104794
1293,-0.01816373901208704
1294,-0.010136417405735336
1295,0.01592765974020107
1296,0.0016131940229224136
1297,0.010540086954978566
1298,0.002675644594718912
1299,-0.00012472466973621708
1300,0.0020011003384805353
1301,0.006743414667277707
1302,0.00146107591140469
1303,-0.012800494505398803
1304,0.0012004127260651595
1305,0.003186236515070831
1306,-0.0036948488215722227
1307,-0.00858775361635265
1308,0.004936990714723897
1309,0.0012723193195722038
1310,-0.002665372767430602
1311,0.0045924602192810565
1312,0.004902245478711726
1313,-0.003405903026395448
1314,-0.008140325745707042
1315,-0.009906639248587989
1316,0.020372782279264232
1317,0.010593544519862491
1318,0.014470543932193632
1319,-0.0022607560590487035
1320,-0.0051273954001317575
1321,-0.005593315216241333
1322,-0.006855591567680416
1323,-0.014032484560576352
1324,0.0005489573729495421
1325,0.012752028484598553
1326,0.0014410861221456368
1327,-0.0009729083898706532
1328,0.0013745651501392542
1329,0.0034324274988977947
1330,-0.004969646406803465
1331,0.0010099835864194903
1332,0.0033103237037674193
1333,-0.0019613171369063835
1334,-0.006670183401230744
1335,-0.004269276358370083
1336,0.005601544851226258
1337,0.000849201624345127
1338,-0.0041037075004889305
1339,0.00010250785568984553
1340,0.002521617628363687
1341,0.0005392676524526666
1342,0.00021931657169207844
1343,-0.0023364554712461696
1344,-0.005151715533999286
1345,-0.004987509038300544
1346,0.003492827007116152
1347,0.0015960200300531057
1348,0.0018405135444633674
1349,-3.3482366488831025e-05
1350,-0.0002979789941043146
1351,0.001829354912179473
1352,0.0055880949484230155
1353,-0.0047830269367106
1354,-0.0001773504914113072
1355,0.0017345852977536077
1356,0.005362629534055071
1357,0.005747610448613756
1358,-4.4592808949723176e-05
1359,-0.01335457625024492
1360,-0.008200283068508863
1361,0.0006449530765626052
1362,0.001399025583068625
1363,0.002933687845898427
1364,0.007865113898273721
1365,0.017612059260657065
1366,0.00649814082922933
1367,0.002351581126082673
1368,-0.0041247866519516984
1369,-0.005761302710774834
1370,-0.009535346224175267
1371,-0.006722572338882671
1372,-0.0013458679713976452
1373,0.0010624121641256133
1374,0.005738455447059102
1375,0.0029550723452261333
1376,0.0050392810690652635
1377,0.004315618046150733
1378,-0.0036828076816525926
1379,-0.002108630229938728
1380,-0.001996521070699685
1381,-0.004194331819458257
1382,-0.0018778581843935068
1383,-0.003662454524299915
1384,-0.005951637699876687
1385,0.00524437161242602
1386,0.009420488761512982
1387,0.006764997225978166
1388,0.0022256527514554958
1389,-0.0034945219655889113
1390,-0.006420685786749143
1391,-0.006621818640790597
1392,0.0020725742661371525
1393,0.0021789033807699722
1394,0.0017469131250411924
1395,0.004469926815818357
1396,6.454936679842443e-05
1397,-0.0023201315745271026
1398,-0.0046607161512858845
1399,-0.0005164002030049418
1400,-0.0020472183222993772
1401,0.005920149448922417
1402,0.0046494356870453325
1403,0.0005944201092129189
1404,-0.0012570878980400183
1405,-0.0009038572226738521
1406,0.0013483592410457905
1407,3.704817770845052e-05
1408,0.0019517929860113276
1409,0.002394657884121569
1410,0.0030997831002339076
1411,-0.0006850082697097731
1412,-0.003889130283521208
1413,-0.0052533803768514235
1414,0.0016835165390689899
1415,-0.0033399429295115713
1416,0.0031108830572276042
1417,0.006677528433370795
1418,0.0006534806123104775
1419,-0.0059998871204456315
1420,0.0034856979728546053
1421,0.0010941238392484878
1422,0.0036350185679221983
1423,0.004918119202197452
1424,0.003465272625680053
1425,0.0011907277181973444
1426,-0.0036734288762621764
1427,-0.013697153796569694
1428,-0.01396826799535932
1429,0.010398084698850752
1430,0.01918969150895411
1431,0.003742422227543718
1432,0.0023967816957801156
1433,0.013101222578401456
1434,0.026984073500204427
1435,-0.005565741562086074
1436,-0.011423599622079755
1437,-0.013302111937618434
1438,-0.008885013820091079
1439,-0.01585997198417751
1440,-0.006529755897960798
1441,0.007832802194360111
1442,0.02676786010958624
1443,0.01463130617754452
1444,-0.0031412907835031804
1445,-0.009131386841366903
1446,-0.006706626936585232
1447,-0.005905277384547484
1448,0.0010666936747222913
1449,-0.005701956485801231
1450,-0.004062153221453806
1451,-0.009798841217671439
1452,0.002282817915923844
1453,0.0015278186919368579
1454,0.0018860577301720118
1455,0.002392497128404701
1456,0.010952551228681998
1457,0.003415841438763584
1458,0.00297532858678515
1459,-0.0038223540612540683
1460,-0.0035665680495688503
1461,-0.0031438920507324895
1462,-0.002291131754025931
1463,-0.010953038328765471
1464,0.00207467488511579
1465,0.010519969628708855
1466,-0.0002625339729036902
1467,-0.0022733487253166398
1468,-0.003208414847205177
1469,0.0012989157908395292
1470,-0.002599181821329866
1471,0.0026718753483932177
1472,-0.007705503888737971
1473,0.000322962097773688
1474,0.006973141638743091
1475,0.012585847205003525
1476,0.001317316581447656
1477,0.004729373250764717
1478,-0.0036780191572212306
1479,-0.006239365660144668
1480,-0.008706132777074037
1481,-0.004023188209668136
1482,-0.006228779848217271
1483,-0.004326931057880302
1484,0.00212030094397311
1485,-0.0011956462008114955
1486,0.0020021546961950624
1487,0.002258300922466552
1488,0.0027921167976358804
1489,0.0011321337715931971
1490,0.005837870780710278
1491,0.00525845540746772
1492,-0.011858726258903536
1493,-0.012639627809405776
1494,0.0021366664819859934
1495,0.00716165277042666
1496,0.007332629583529262
1497,0.007491171614343867
1498,-0.00457907592332422
1499,-0.0004262084010856076
1500,-0.005102209536108025
1501,-0.0024942816429960935
1502,-0.0009325126955298862
1503,0.0006739980099732912
1504,-0.0008347638680464095
1505,-0.0031433782708144616
1506,0.00891392792974118
1507,-0.0030345353821826754
1508,-0.0014444301522170595
1509,-0.00032962776599809143
1510,0.0029814820597090295
1511,0.0033521871514836164
1512,0.010048890390892398
1513,-0.003990640247209097
1514,-0.0067648358577100404
1515,-0.0009094125971726569
1516,-0.0021820481275852824
1517,-0.007282253747029971
1518,-0.006438969196856443
1519,-0.005664011137270683
1520,-0.00882531141704993
1521,0.0060172202036409585
1522,0.010453754223950458
1523,0.016398905270845216
1524,0.019057487883333234
1525,-0.006374408849203217
1526,-0.007031586837282366
1527,-0.013966059789799356
1528,-0.009385049822660089
1529,-0.006767549145425997
1530,0.002693476877979761
1531,0.0019926848191816862
1532,0.0007517604005524607
1533,0.0013007342056290483
1534,-0.003243738799483046
1535,-0.008044409889857603
1536,-4.865980875034485e-05
1537,0.008060822456509189
1538,0.015000864121836953
1539,0.005482814020939206
1540,-0.007781635589849673
1541,0.0011615566879305853
1542,0.004391853026641223
1543,-0.005311756353582222
1544,-0.0057799095694019455
1545,-0.005621892512435455
1546,-0.014721161202089024
1547,-0.0010196118770491084
1548,0.0021022083082348846
1549,0.0016502557852617974
1550,0.0029944362996245076
1551,-0.0004438380688694141
1552,-0.0022756572114423085
1553,0.005950132637620226
1554,0.009535445141285294
1555,0.00033731379683138733
1556,-0.00045785810107642046
1557,0.0009003179447584541
1558,5.1923969697703154e-05
1559,-0.0013903491262467855
1560,-0.007201238362298313
1561,-0.0031878445979503615
1562,-0.005057480474590056
1563,0.009749338170607432
1564,0.0016020527575581873
1565,1.761230086203065e-05
1566,-0.0008568244786682251
1567,0.0002582432107005331
1568,-0.0009235216054754952
1569,-7.245911891572178e-05
1570,0.0003817906931925807
1571,-0.00022338731036120307
1572,9.830942423392532e-06
1573,-7.329300479533036e-05
1574,-4.690857314033892e-05
1575,-0.00013421105867690672
1576,0.0012782541274622312
1577,-0.0005649521787501484
1578,-0.006023906145154965
1579,-0.013421864704532833
1580,-0.012852454009288604
1581,0.012979697744456106
1582,0.010256725830622506
1583,0.012280299490942585
1584,0.011981037383967913
1585,-0.007183475112456697
1586,-0.007423712218220622
1587,-0.00648283842175325
1588,-0.00696018759907174
1589,-0.00971616387803717
1590,0.004135267490123868
1591,0.001666462396002
1592,-0.0010552199880956398
1593,-0.0010250514189008239
1594,-0.00036030568811661545
1595,-0.0049430685295794256
1596,-0.0046296330994575145
1597,0.003227480958665596
1598,0.004128352356679791
1599,0.0011564890923507147
1600,-0.000504883710683774
1601,-0.0007540253429626422
1602,0.0016639024704877675
1603,-0.00021704679367686716
1604,-0.0076374798723984096
1605,-0.004853415905022392
1606,-0.0005040906855280109
1607,0.005127385750923755
1608,0.00846193449546961
1609,0.012800556910950127
1610,0.007750948622108169
1611,0.007984563230979172
1612,-0.011785722125867348
1613,-0.00792536078886644
1614,-0.011628981713701692
1615,-0.009118868845226738
1616,-0.000213185983379208
1617,0.0037040826107751666
1618,0.005109954550998919
1619,0.005187469077760359
1620,-0.0027928446915874176
1621,-0.0012363896063007159
1622,0.002841115102715267
1623,0.00914468063665587
1624,0.0009732257919946968
1625,-0.005209742026053552
1626,-0.009703414841685147
1627,-0.005471573655320184
1628,-0.007425932818963641
1629,-0.0033907301540047293
1630,0.008789764878525997
1631,0.006983611437335825
1632,0.006219970458122947
1633,0.0052231508116486955
1634,-0.007101881114552474
1635,-0.006555090526151196
1636,-0.0016307310415948208
1637,0.0020419536046412776
1638,-0.0013386318796905167
1639,0.0016128862127870775
1640,0.0019121460439732842
1641,-0.003459792088467127
1642,-0.005091734980087079
1643,-0.005508593314103743
1644,-0.009165810604352011
1645,0.004250506228555145
1646,0.006310517979622455
1647,0.00874847582640383
1648,-0.0021689728005185793
1649,-0.005569178099725734
1650,-0.007429827844448605
1651,-0.0006815306484211487
1652,0.004545989726756278
1653,0.00012561262132248607
1654,-0.0024542153049504035
1655,0.00030090576352196236
1656,0.000932610754667257
1657,0.0015660155013185843
1658,0.0007884538717100392
1659,-0.004945707074244169
1660,-0.0020915194098365696
1661,0.0054402093050984765
1662,0.007406142696449864
1663,0.008923679740133743
1664,0.011258998834949204
1665,0.0001905857362454735
1666,-0.013009004223635975
1667,-0.011052945781299138
1668,0.0002767772633724748
1669,0.0030316952691680447
1670,0.0001106583142639724
1671,-0.001852389396390002
1672,-0.0041501593133914435
1673,0.0035657491823263597
1674,0.001116057806859494
1675,0.008167403836273469
1676,0.002642918732098246
1677,0.0008466839701760933
1678,-0.00185179066959976
1679,-0.004688659964636329
1680,-0.0018301408617182216
1681,-0.0074210025009903355
1682,-0.0014332716278196236
1683,0.003556279503819363
1684,0.0026982186952302836
1685,-0.0005406566142036432
1686,-0.002760026387964595
1687,-0.0018349480369924049
1688,0.008836920178127502
1689,0.0017991309175425586
1690,-0.0012646673037858564
1691,-0.0008423697287336566
1692,0.00031832946164035643
1693,-0.0013760029920453845
1694,0.005880036535788996
1695,0.0031900546889540747
1696,-0.003625423249217217
1697,0.0005230291293562375
1698,-0.0006177632962466278
1699,-0.004223582203900908
1700,-0.00641436213686203
1701,0.004042545090145734
1702,-0.00860306574812095
1703,-0.0014981781199450764
1704,0.0046280273993499575
1705,0.0035162033964113272
1706,0.002172420884254636
1707,0.004275183614242948
1708,0.001563855485985843
1709,-0.000123308753912811
1710,-0.004363810918502582
1711,-0.001049198988758324
1712,-0.001389354996826172
1713,-0.005274297326064497
1714,-0.0021281496702277654
1715,0.001476511253067357
1716,0.009498968370038514
1717,0.0028745339731949832
1718,-0.0008941473451743477
1719,-0.001760846466727811
1720,-0.0029202821345888064
1721,-0.003301994930926931
1722,-0.00044124653392580587
1723,0.0032173138197795874
1724,-0.0019940488863304756
1725,-0.001259457442598072
1726,0.0018976185748353436
1727,0.0017854578492460063
1728,0.0026542766615219988
1729,0.004889098643976735
1730,0.006406697505451264
1731,-0.010125970776360876
1732,-0.0027461989234979513
1733,-0.001302159862060169
1734,-0.0003890526928954799
1735,-0.002845030040831079
1736,0.000363450062706116
1737,0.002104425679620274
1738,-0.00010834901756382603
1739,-0.00513871748522323
1740,0.0017757515528816097
1741,0.006465728427483346
1742,0.006092502454145207
1743,0.012873757856412775
1744,0.019588277333218974
1745,-0.005386377820032009
1746,-0.011212240486232846
1747,-0.011372557706899534
1748,-0.00902353887404536
1749,-0.013592624269769605
1750,-0.0034206465029932775
1751,0.002632634768777214
1752,0.0008595435807752614
1753,0.0022316535253576746
1754,0.0031176997371447465
1755,0.005331133817900684
1756,0.0026684516206735747
1757,-0.007677398201136347
1758,-0.006675265119110431
1759,-0.0003504231472517375
1760,0.0028579361975424825
1761,0.00021304254378817967
1762,-0.0027858852923372383
1763,-0.0025050709594364026
1764,0.004647100813266344
1765,0.002562122077945955
1766,0.0022586656879700104
1767,0.001165436826565973
1768,0.001621886463145802
1769,-0.0008537960191544183
1770,-0.008495139368983294
1771,-0.002302809007503643
1772,0.0022421330880119015
1773,0.00024247744323523026
1774,0.0006825753789779493
1775,0.0018350501464118065
1776,0.003285432202765999
1777,0.0020224746932446065
1778,0.006398835378929477
1779,-0.0007440511877354455
1780,-0.002058675057924282
1781,-0.0012611742580122742
1782,-0.0019743783710258556
1783,-0.0024886036218309104
1784,-0.0022185962485908807
1785,-0.0047578976408652815
1786,-0.008150999377378128
1787,0.006523587107127653
1788,0.0018378711025986497
1789,0.0021072870494305306
1790,0.003136106209310548
1791,-0.0017352228860435148
1792,0.0009637684513357921
1793,0.014490718227152566
1794,0.009957264563653477
1795,-0.003265066290478313
1796,-0.0007256975265396465
1797,0.002331291179215332
1798,-0.005961353741667954
1799,-0.014433508527001777
1800,-0.005769384642320759
1801,-0.00499482580779359
1802,0.003528914992070242
1803,0.001112447031018085
1804,-0.0007564348436539816
1805,0.003742735835345667
1806,0.005256302592905192
1807,0.0014728495512308796
1808,-0.0004659514851212817
1809,-0.0021625539994788497
1810,-0.0034484821807439607
1811,-0.005615455993343722
1812,0.0069010861904978795
1813,0.009278831050000288
1814,-0.0014524630164999602
1815,-0.005851482390666444
1816,-0.0002914395034853904
1817,0.0006256248512227526
1818,-0.0025175192371665227
1819,-0.003438704923850869
1820,0.0020098331337149136
1821,-0.10119912040199217
1822,-0.20079122119802148
1823,-0.39549889074639916
1824,-0.596141798508922
1825,-0.5948349157760761
