Date,USD (PM),value,ma5
2009/12/16,1324.6,1324.6,
9/13/16,1323.65,1324.6,
9/14/16,1321.75,1323.65,
9/15/16,1310.8,1321.75,
9/16/16,1308.35,1310.8,1321.08
9/19/16,1314.85,1308.35,1317.83
9/20/16,1313.8,1308.35,1314.58
9/21/16,1326.1,1308.35,1311.52
9/22/16,1339.1,1314.85,1310.14
9/23/16,1338.65,1313.8,1310.74
9/26/16,1340.5,1326.1,1314.29
9/27/16,1327,1339.1,1320.44
9/28/16,1322.5,1338.65,1326.5
9/29/16,1318.1,1338.65,1331.26
9/30/16,1322.5,1338.65,1336.23
2010/3/16,1313.3,1340.5,1339.11
2010/4/16,1283.3,1327,1336.69
2010/5/16,1269.4,1322.5,1333.46
2010/6/16,1254.5,1318.1,1329.35
2010/7/16,1258.75,1322.5,1326.12
2010/10/16,1259.5,1322.5,1322.52
2010/11/16,1253.45,1322.5,1321.62
2010/12/16,1256.5,1313.3,1319.78
10/13/16,1261.05,1283.3,1312.82
10/14/16,1251.75,1269.4,1302.2
10/17/16,1254.8,1254.5,1288.6
10/18/16,1258.2,1258.75,1275.85
10/19/16,1269.05,1258.75,1264.94
10/20/16,1271.65,1258.75,1260.03
10/21/16,1266.05,1259.5,1258.05
10/24/16,1265.55,1253.45,1257.84
10/25/16,1269.4,1256.5,1257.39
10/26/16,1270.5,1261.05,1257.85
10/27/16,1266.25,1251.75,1256.45
10/28/16,1273,1251.75,1254.9
10/31/16,1272,1251.75,1254.56
2011/1/16,1288.45,1254.8,1254.22
2011/2/16,1303.75,1258.2,1253.65
2011/3/16,1301,1269.05,1257.11
2011/4/16,1302.8,1271.65,1261.09
2011/7/16,1283.05,1266.05,1263.95
2011/8/16,1282.35,1266.05,1266.2
2011/9/16,1281.4,1266.05,1267.77
2011/10/16,1267.5,1265.55,1267.07
2011/11/16,1236.45,1269.4,1266.62
11/14/16,1213.6,1270.5,1267.51
11/15/16,1226.95,1266.25,1267.55
11/16/16,1229.2,1273,1268.94
11/17/16,1226.75,1273,1270.43
11/18/16,1211,1273,1271.15
11/21/16,1214.25,1272,1271.45
11/22/16,1212.25,1288.45,1275.89
11/23/16,1185.35,1303.75,1282.04
11/24/16,1186.1,1301,1287.64
11/25/16,1187.7,1302.8,1293.6
11/28/16,1187,1302.8,1299.76
11/29/16,1186.55,1302.8,1302.63
11/30/16,1178.1,1283.05,1298.49
2012/1/16,1161.85,1282.35,1294.76
2012/2/16,1173.5,1281.4,1290.48
2012/5/16,1162.2,1267.5,1283.42
2012/6/16,1172.5,1236.45,1270.15
2012/7/16,1177.65,1236.45,1260.83
2012/8/16,1171.05,1236.45,1251.65
2012/9/16,1163.6,1213.6,1238.09
2012/12/16,1156.1,1226.95,1229.98
12/13/16,1158.55,1229.2,1228.53
12/14/16,1162.25,1226.75,1226.59
12/15/16,1126.95,1211,1221.5
12/16/16,1131.6,1211,1220.98
12/19/16,1136.25,1211,1217.79
12/20/16,1125.7,1214.25,1214.8
12/21/16,1133.65,1212.25,1211.9
12/22/16,1131.35,1185.35,1206.77
12/23/16,,1186.1,1201.79
12/28/16,1134.6,1187.7,1197.13
12/29/16,1145.9,1187.7,1191.82
12/30/16,,1187.7,1186.91
2001/3/17,1151,1187,1187.24
2001/4/17,1164.25,1186.55,1187.33
2001/5/17,1176.7,1178.1,1185.41
2001/6/17,1175.85,1161.85,1180.24
2001/9/17,1178.5,1173.5,1177.4
2001/10/17,1189.5,1173.5,1174.7
2001/11/17,1178.55,1173.5,1172.09
2001/12/17,1205.05,1162.2,1168.91
1/13/17,1190.35,1172.5,1171.04
1/16/17,1203,1177.65,1171.87
1/17/17,1216.05,1171.05,1171.38
1/18/17,1214.75,1163.6,1169.4
1/19/17,1196.05,1163.6,1169.68
1/20/17,1200.55,1163.6,1167.9
1/23/17,1212.85,1156.1,1163.59
1/24/17,1216.8,1158.55,1161.09
1/25/17,1195,1162.25,1160.82
1/26/17,1189.7,1126.95,1153.49
1/27/17,1184.85,1131.6,1147.09
1/30/17,1192.8,1131.6,1142.19
1/31/17,1212.8,1131.6,1136.8
2002/1/17,1203.65,1136.25,1131.6
2002/2/17,1221.95,1125.7,1131.35
2002/3/17,1215.2,1133.65,1131.76
2002/6/17,1226.75,1131.35,1131.71
2002/7/17,1231,1131.35,1131.66
2002/8/17,1242.1,1131.35,1130.68
2002/9/17,1236.8,1131.35,1131.81
2002/10/17,1228.3,1131.35,1131.35
2/13/17,1222.25,1131.35,1131.35
2/14/17,1230.75,1134.6,1132
2/15/17,1224.4,1145.9,1134.91
2/16/17,1240.55,1145.9,1137.82
2/17/17,1241.95,1145.9,1140.73
2/20/17,1237.3,1145.9,1143.64
2/21/17,1233.2,1145.9,1145.9
2/22/17,1236.65,1151,1146.92
2/23/17,1247.9,1164.25,1150.59
2/24/17,1253.65,1176.7,1156.75
2/27/17,1257.2,1175.85,1162.74
2/28/17,1255.6,1175.85,1168.73
2003/1/17,1240.4,1175.85,1173.7
2003/2/17,1238.1,1178.5,1176.55
2003/3/17,1226.5,1189.5,1179.11
2003/6/17,1230.95,1178.55,1179.65
2003/7/17,1216.65,1205.05,1185.49
2003/8/17,1209.2,1190.35,1188.39
2003/9/17,1206.55,1190.35,1190.76
2003/10/17,1202.65,1190.35,1190.93
3/13/17,1204.2,1203,1195.82
3/14/17,1204.6,1216.05,1198.02
3/15/17,1198.8,1214.75,1202.9
3/16/17,1229.35,1196.05,1204.04
3/17/17,1229.6,1200.55,1206.08
3/20/17,1232.4,1200.55,1205.59
3/21/17,1241.6,1200.55,1202.49
3/22/17,1249.05,1212.85,1202.11
3/23/17,1247.5,1216.8,1206.26
3/24/17,1247.5,1195,1205.15
3/27/17,1257.55,1189.7,1202.98
3/28/17,1257.25,1184.85,1199.84
3/29/17,1251.1,1184.85,1194.24
3/30/17,1248.8,1184.85,1187.85
3/31/17,1244.85,1192.8,1187.41
2004/3/17,1247.25,1212.8,1192.03
2004/4/17,1257.65,1203.65,1195.79
2004/5/17,1245.8,1221.95,1203.21
2004/6/17,1252.5,1215.2,1209.28
2004/7/17,1266.45,1215.2,1213.76
2004/10/17,1250.05,1215.2,1214.24
2004/11/17,1252.9,1226.75,1218.86
2004/12/17,1274.3,1231,1220.67
4/13/17,1284.15,1242.1,1226.05
4/18/17,1278.95,1236.8,1230.37
4/19/17,1279.05,1228.3,1232.99
4/20/17,1282.1,1228.3,1233.3
4/21/17,1281.85,1228.3,1232.76
4/24/17,1269.4,1222.25,1228.79
4/25/17,1267.8,1230.75,1227.58
4/26/17,1261.85,1224.4,1226.8
4/27/17,1262.8,1240.55,1229.25
4/28/17,1266.45,1241.95,1231.98
2005/2/17,1255.45,1241.95,1235.92
2005/3/17,1250.3,1241.95,1238.16
2005/4/17,1228.45,1237.3,1240.74
2005/5/17,1228.05,1233.2,1239.27
2005/8/17,1229.8,1236.65,1238.21
2005/9/17,1220.4,1247.9,1239.4
2005/10/17,1222.95,1253.65,1241.74
2005/11/17,1223.15,1253.65,1245.01
2005/12/17,1231.25,1253.65,1249.1
5/15/17,1233.3,1257.2,1253.21
5/16/17,1234.2,1255.6,1254.75
5/17/17,1257.4,1240.4,1252.1
5/18/17,1255.9,1238.1,1248.99
5/19/17,1252,1226.5,1243.56
5/22/17,1258.85,1226.5,1237.42
5/23/17,1260.2,1226.5,1231.6
5/24/17,1252.55,1230.95,1229.71
5/25/17,1256.95,1216.65,1225.42
5/26/17,1265.05,1209.2,1221.96
5/30/17,1262.7,1206.55,1217.97
5/31/17,1266.2,1202.65,1213.2
2006/1/17,1264.85,1202.65,1207.54
2006/2/17,1274.95,1202.65,1204.74
2006/5/17,1279.95,1204.2,1203.74
2006/6/17,1293.5,1204.6,1203.35
2006/7/17,1291,1198.8,1202.58
2006/8/17,1273.1,1229.35,1207.92
2006/9/17,1266.55,1229.6,1213.31
2006/12/17,1266.4,1229.6,1218.39
6/13/17,1262,1229.6,1223.39
6/14/17,1275.5,1232.4,1230.11
6/15/17,1254.55,1241.6,1232.56
6/16/17,1255.4,1249.05,1236.45
6/19/17,1248.15,1247.5,1240.03
6/20/17,1242.2,1247.5,1243.61
6/21/17,1242.5,1247.5,1246.63
6/22/17,1250.8,1247.5,1247.81
6/23/17,1255.7,1257.55,1249.51
6/26/17,1245.25,1257.25,1251.46
6/27/17,1249.55,1251.1,1252.18
6/28/17,1248,1248.8,1252.44
6/29/17,1243.5,1244.85,1251.91
6/30/17,1242.25,1244.85,1249.37
2007/3/17,1229.25,1244.85,1246.89
2007/4/17,1223.75,1247.25,1246.12
2007/5/17,1220.3,1257.65,1247.89
2007/6/17,1224.9,1245.8,1248.08
2007/7/17,1215.65,1252.5,1249.61
2007/10/17,1211.9,1266.45,1253.93
2007/11/17,1211.05,1266.45,1257.77
2007/12/17,1218.8,1266.45,1259.53
7/13/17,1218.9,1250.05,1260.38
7/14/17,1230.3,1252.9,1260.46
7/17/17,1234.1,1274.3,1262.03
7/18/17,1240.75,1284.15,1265.57
7/19/17,1242.15,1284.15,1269.11
7/20/17,1238.7,1284.15,1275.93
7/21/17,1248.55,1284.15,1282.18
7/24/17,1255.55,1284.15,1284.15
7/25/17,1254.4,1278.95,1283.11
7/26/17,1248.1,1279.05,1282.09
7/27/17,1261.1,1282.1,1281.68
7/28/17,1264.9,1281.85,1281.22
7/31/17,1267.55,1281.85,1280.76
2008/1/17,1270.95,1281.85,1281.34
2008/2/17,1269.6,1269.4,1279.41
2008/3/17,1268.1,1267.8,1276.55
2008/4/17,1257.7,1261.85,1272.55
2008/7/17,1258,1262.8,1268.74
2008/8/17,1261.8,1266.45,1265.66
2008/9/17,1271.05,1266.45,1265.07
2008/10/17,1284.4,1266.45,1264.8
2008/11/17,1286.1,1266.45,1265.72
8/14/17,1282.3,1255.45,1264.25
8/15/17,1270.3,1250.3,1261.02
8/16/17,1272.75,1228.45,1253.42
8/17/17,1285.15,1228.05,1245.74
8/18/17,1295.8,1228.05,1238.06
8/21/17,1292.9,1228.05,1232.58
8/22/17,1284.2,1229.8,1228.48
8/23/17,1286.65,1220.4,1226.87
8/24/17,1289,1222.95,1225.85
8/25/17,1285.3,1223.15,1224.87
8/29/17,1318.65,1231.25,1225.51
8/30/17,1308.5,1231.25,1225.8
8/31/17,1311.75,1231.25,1227.97
2009/1/17,1320.4,1233.3,1230.04
2009/4/17,1333.1,1234.2,1232.25
2009/5/17,1335.55,1257.4,1237.48
2009/6/17,1337.85,1255.9,1242.41
2009/7/17,1343.5,1252,1246.56
2009/8/17,1346.25,1252,1250.3
2009/11/17,1334.2,1252,1253.86
2009/12/17,1326.5,1258.85,1254.15
9/13/17,1327.55,1260.2,1255.01
9/14/17,1324.55,1252.55,1255.12
9/15/17,1322.85,1256.95,1256.11
9/18/17,1312.1,1265.05,1258.72
9/19/17,1309.6,1265.05,1259.96
9/20/17,1311.3,1265.05,1260.93
9/21/17,1292.1,1265.05,1263.43
9/22/17,1294.8,1262.7,1264.58
9/25/17,1293.3,1266.2,1264.81
9/26/17,1300.05,1264.85,1264.77
9/27/17,1282.55,1274.95,1266.75
9/28/17,1283.35,1274.95,1268.73
9/29/17,1283.1,1274.95,1271.18
2010/2/17,1273.7,1279.95,1273.93
2010/3/17,1271.25,1293.5,1279.66
2010/4/17,1274.25,1291,1282.87
2010/5/17,1274.5,1273.1,1282.5
2010/6/17,1261.8,1266.55,1280.82
2010/9/17,1278.75,1266.55,1278.14
2010/10/17,1291.4,1266.55,1272.75
2010/11/17,1289.25,1266.4,1267.83
2010/12/17,1290.25,1262,1265.61
10/13/17,1299.6,1275.5,1267.4
10/16/17,1303.3,1254.55,1265
10/17/17,1284.75,1255.4,1262.77
10/18/17,1280.2,1255.4,1260.57
10/19/17,1286.4,1255.4,1259.25
10/20/17,1281.2,1248.15,1253.78
10/23/17,1274.9,1242.2,1251.31
10/24/17,1276.45,1242.5,1248.73
10/25/17,1275,1250.8,1247.81
10/26/17,1273.75,1255.7,1247.87
10/27/17,1266.45,1255.7,1249.38
10/30/17,1272,1255.7,1252.08
10/31/17,1270.15,1245.25,1252.63
2011/1/17,1277.05,1249.55,1252.38
2011/2/17,1279.2,1248,1250.84
2011/3/17,1267.2,1243.5,1248.4
2011/6/17,1270.9,1242.25,1245.71
2011/7/17,1275.6,1242.25,1245.11
2011/8/17,1284,1242.25,1243.65
2011/9/17,1284.8,1229.25,1239.9
2011/10/17,1284.3,1223.75,1235.95
11/13/17,1277.95,1220.3,1231.56
11/14/17,1274.6,1224.9,1228.09
11/15/17,1282.2,1215.65,1222.77
11/16/17,1280,1215.65,1220.05
11/17/17,1284.35,1215.65,1218.43
11/20/17,1286.2,1211.9,1216.75
11/21/17,1283.3,1211.05,1213.98
11/22/17,1286.95,1218.8,1214.61
11/23/17,1290.35,1218.9,1215.26
11/24/17,1290.5,1230.3,1218.19
11/27/17,1294.9,1230.3,1221.87
11/28/17,1291.85,1230.3,1225.72
11/29/17,1283.85,1234.1,1228.78
11/30/17,1280.2,1240.75,1233.15
2012/1/17,1275.5,1242.15,1235.52
2012/4/17,1273.45,1238.7,1237.2
2012/5/17,1266.3,1248.55,1240.85
2012/6/17,1263.7,1248.55,1243.74
2012/7/17,1255,1248.55,1245.3
2012/8/17,1250.65,1255.55,1247.98
2012/11/17,1247.15,1254.4,1251.12
2012/12/17,1240.9,1248.1,1251.03
12/13/17,1242.65,1261.1,1253.54
12/14/17,1251,1264.9,1256.81
12/15/17,1254.6,1264.9,1258.68
12/18/17,1260.6,1264.9,1260.78
12/19/17,1260.35,1267.55,1264.67
12/20/17,1264.55,1270.95,1266.64
12/21/17,1264.55,1269.6,1267.58
12/22/17,,1268.1,1268.22
12/27/17,1279.4,1257.7,1266.78
12/28/17,1291,1257.7,1264.81
12/29/17,,1257.7,1262.16
2001/2/18,1312.05,1258,1259.84
2001/3/18,1314.9,1261.8,1258.58
2001/4/18,1314.5,1271.05,1261.25
2001/5/18,1317.15,1284.4,1266.59
2001/8/18,1319.95,1286.1,1272.27
2001/9/18,1311,1286.1,1277.89
2001/10/18,1319.75,1286.1,1282.75
2001/11/18,1323.05,1282.3,1285
2001/12/18,1326.8,1270.3,1282.18
1/15/18,1339.25,1272.75,1279.51
1/16/18,1333.85,1285.15,1279.32
1/17/18,1335.65,1295.8,1281.26
1/18/18,1332.2,1295.8,1283.96
1/19/18,1334.95,1295.8,1289.06
1/22/18,1332.6,1292.9,1293.09
1/23/18,1333.4,1284.2,1292.9
1/24/18,1353.7,1286.65,1291.07
1/25/18,1354.95,1289,1289.71
1/26/18,1353.15,1285.3,1287.61
1/29/18,1343.85,1285.3,1286.09
1/30/18,1344.9,1285.3,1286.31
1/31/18,1345.05,1285.3,1286.04
2002/1/18,1341.35,1318.65,1291.97
2002/2/18,1331.15,1308.5,1296.61
2002/5/18,1333.6,1311.75,1301.9
2002/6/18,1331.4,1320.4,1308.92
2002/7/18,1324.65,1320.4,1315.94
2002/8/18,1315.45,1320.4,1316.29
2002/9/18,1314.1,1333.1,1321.21
2002/12/18,1322.3,1335.55,1325.97
2/13/18,1325.35,1337.85,1329.46
2/14/18,1336.25,1343.5,1334.08
2/15/18,1352.45,1346.25,1339.25
2/16/18,1352.1,1346.25,1341.88
2/19/18,1346.6,1346.25,1344.02
2/20/18,1339.85,1334.2,1343.29
2/21/18,1330.5,1326.5,1339.89
2/22/18,1328.35,1327.55,1336.15
2/23/18,1327.95,1324.55,1331.81
2/26/18,1333.5,1322.85,1327.13
2/27/18,1325.75,1322.85,1324.86
2/28/18,1317.85,1322.85,1324.13
2003/1/18,1307.75,1312.1,1321.04
2003/2/18,1322.3,1309.6,1318.05
2003/5/18,1320.4,1311.3,1315.74
2003/6/18,1331.4,1292.1,1309.59
2003/7/18,1329.4,1294.8,1303.98
2003/8/18,1321,1294.8,1300.52
2003/9/18,1320.6,1294.8,1297.56
2003/12/18,1319.15,1293.3,1293.96
3/13/18,1322.75,1300.05,1295.55
3/14/18,1323.55,1282.55,1293.1
3/15/18,1318.75,1283.35,1290.81
3/16/18,1310.1,1283.1,1288.47
3/19/18,1312.4,1283.1,1286.43
3/20/18,1311,1283.1,1283.04
3/21/18,1321.35,1273.7,1281.27
3/22/18,1329.15,1271.25,1278.85
3/23/18,1346.6,1274.25,1277.08
3/26/18,1352.4,1274.5,1275.36
3/27/18,1341.45,1261.8,1271.1
3/28/18,1332.45,1261.8,1268.72
3/29/18,1323.85,1261.8,1266.83
2004/3/18,1333.45,1278.75,1267.73
2004/4/18,1337.3,1291.4,1271.11
2004/5/18,1327.7,1289.25,1276.6
2004/6/18,1331.2,1290.25,1282.29
2004/9/18,1331.95,1299.6,1289.85
2004/10/18,1338.95,1299.6,1294.02
2004/11/18,1350.75,1299.6,1295.66
2004/12/18,1341.35,1303.3,1298.47
4/13/18,1343.7,1284.75,1297.37
4/16/18,1349.35,1280.2,1293.49
4/17/18,1342.1,1286.4,1290.85
4/18/18,1351.45,1281.2,1287.17
4/19/18,1348.6,1281.2,1282.75
4/20/18,1336.75,1281.2,1282.04
4/23/18,1324.3,1274.9,1280.98
4/24/18,1328.85,1276.45,1278.99
4/25/18,1321.65,1275,1277.75
4/26/18,1320.7,1273.75,1276.26
4/27/18,1321.5,1266.45,1273.31
4/30/18,1313.2,1266.45,1271.62
2005/1/18,1307.1,1266.45,1269.62
2005/2/18,1304.2,1272,1269.02
2005/3/18,1315.05,1270.15,1268.3
2005/4/18,1309.4,1277.05,1270.42
2005/8/18,1306.6,1279.2,1272.97
2005/9/18,1313.85,1267.2,1273.12
2005/10/18,1318.8,1267.2,1272.16
2005/11/18,1324.35,1267.2,1271.57
5/14/18,1319.85,1270.9,1270.34
5/15/18,1295,1275.6,1269.62
5/16/18,1291.25,1284,1272.98
5/17/18,1289.5,1284.8,1276.5
5/18/18,1288.3,1284.3,1279.92
5/21/18,1288.35,1284.3,1282.6
5/22/18,1293.05,1284.3,1284.34
5/23/18,1289,1277.95,1283.13
5/24/18,1304.85,1274.6,1281.09
5/25/18,1303.5,1282.2,1280.67
5/29/18,1295.5,1280,1279.81
5/30/18,1300.7,1284.35,1279.82
5/31/18,1305.35,1284.35,1281.1
2006/1/18,1294.6,1284.35,1283.05
2006/4/18,1295.45,1286.2,1283.85
2006/5/18,1292.05,1283.3,1284.51
2006/6/18,1300.1,1286.95,1285.03
2006/7/18,1297.25,1290.35,1286.23
2006/8/18,1298.25,1290.5,1287.46
2006/11/18,1299.6,1290.5,1288.32
2006/12/18,1298.65,1290.5,1289.76
6/13/18,1296.15,1294.9,1291.35
6/14/18,1302.75,1291.85,1291.65
6/15/18,1285.25,1283.85,1290.32
6/18/18,1281.55,1280.2,1288.26
6/19/18,1276.15,1275.5,1285.26
6/20/18,1274.2,1275.5,1281.38
6/21/18,1266.15,1275.5,1278.11
6/22/18,1269.15,1273.45,1276.03
6/25/18,1268.7,1266.3,1273.25
6/26/18,1260.3,1263.7,1270.89
6/27/18,1254.6,1255,1266.79
6/28/18,1251.55,1250.65,1261.82
6/29/18,1250.45,1250.65,1257.26
2007/2/18,1247.8,1250.65,1254.13
2007/3/18,1251.75,1247.15,1250.82
2007/4/18,1255.65,1240.9,1248
2007/5/18,1255.5,1242.65,1246.4
2007/6/18,1255.35,1251,1246.47
2007/9/18,1262.05,1254.6,1247.26
2007/10/18,1254,1254.6,1248.75
2007/11/18,1251.4,1254.6,1251.49
2007/12/18,1245.9,1260.6,1255.08
7/13/18,1241.7,1260.35,1256.95
7/16/18,1241.1,1264.55,1258.94
7/17/18,1232.8,1264.55,1260.93
7/18/18,1224.5,1264.55,1262.92
7/19/18,1217.55,1264.55,1263.71
7/20/18,1228.75,1264.55,1264.55
7/23/18,1224.95,1264.55,1264.55
7/24/18,1228.35,1264.55,1264.55
7/25/18,1231.5,1279.4,1267.52
7/26/18,1228.25,1291,1272.81
7/27/18,1223.95,1291,1278.1
7/30/18,1223.8,1291,1283.39
7/31/18,1220.95,1291,1288.68
2008/1/18,1219,1291,1291
2008/2/18,1215.45,1312.05,1295.21
2008/3/18,1216.3,1314.9,1299.99
2008/6/18,1209.65,1314.5,1304.69
2008/7/18,1212.35,1317.15,1309.92
2008/8/18,1209.55,1317.15,1315.15
2008/9/18,1214.35,1317.15,1316.17
2008/10/18,1214.4,1319.95,1317.18
8/13/18,1200.35,1311,1316.48
8/14/18,1197,1319.75,1317
8/15/18,1182,1323.05,1318.18
8/16/18,1180.4,1326.8,1320.11
8/17/18,1178.4,1326.8,1321.48
8/20/18,1184.35,1326.8,1324.64
8/21/18,1190.95,1339.25,1328.54
8/22/18,1196.65,1333.85,1330.7
8/23/18,1192.35,1335.65,1332.47
8/24/18,1197.7,1332.2,1333.55
8/28/18,1212.25,1334.95,1335.18
8/29/18,1204.2,1334.95,1334.32
8/30/18,1197.3,1334.95,1334.54
8/31/18,1202.45,1332.6,1333.93
2009/3/18,1200.05,1333.4,1334.17
2009/4/18,1190.85,1353.7,1337.92
2009/5/18,1196.7,1354.95,1341.92
2009/6/18,1205.15,1353.15,1345.56
2009/7/18,1198.9,1353.15,1349.67
2009/10/18,1196.6,1353.15,1353.62
2009/11/18,1189.85,1343.85,1351.65
2009/12/18,1195.6,1344.9,1349.64
9/13/18,1209.8,1345.05,1348.02
9/14/18,1201.95,1341.35,1345.66
9/17/18,1201.9,1331.15,1341.26
9/18/18,1200.2,1331.15,1338.72
9/19/18,1203.3,1331.15,1335.97
9/20/18,1208.35,1333.6,1333.68
9/21/18,1198.7,1331.4,1331.69
9/24/18,1202.75,1324.65,1330.39
9/25/18,1201.9,1315.45,1327.25
9/26/18,1194.25,1314.1,1323.84
9/27/18,1185.4,1314.1,1319.94
9/28/18,1187.25,1314.1,1316.48
2010/1/18,1189.35,1322.3,1316.01
2010/2/18,1204.7,1325.35,1317.99
2010/3/18,1201.2,1336.25,1322.42
2010/4/18,1203.45,1352.45,1330.09
2010/5/18,1203.8,1352.1,1337.69
2010/8/18,1186.95,1352.1,1343.65
2010/9/18,1185.55,1352.1,1349
2010/10/18,1188.6,1346.6,1351.07
2010/11/18,1205.55,1339.85,1348.55
2010/12/18,1219.75,1330.5,1344.23
10/15/18,1229.95,1328.35,1339.48
10/16/18,1230.7,1327.95,1334.65
10/17/18,1229.05,1327.95,1330.92
10/18/18,1223,1327.95,1328.54
10/19/18,1227.85,1333.5,1329.14
10/22/18,1222.3,1325.75,1328.62
10/23/18,1235.95,1317.85,1326.6
10/24/18,1230.55,1307.75,1322.56
10/25/18,1230.8,1322.3,1321.43
10/26/18,1233.85,1322.3,1319.19
10/29/18,1230.8,1322.3,1318.5
10/30/18,1225.4,1320.4,1319.01
10/31/18,1214.95,1331.4,1323.74
2011/1/18,1231.15,1329.4,1325.16
2011/2/18,1232.1,1321,1324.9
2011/5/18,1232.25,1320.6,1324.56
2011/6/18,1231.6,1320.6,1324.6
2011/7/18,1229.95,1320.6,1322.44
2011/8/18,1224.15,1319.15,1320.39
2011/9/18,1211.4,1322.75,1320.74
2011/12/18,1205.55,1323.55,1321.33
11/13/18,1202.1,1318.75,1320.96
11/14/18,1203.25,1310.1,1318.86
11/15/18,1211.85,1310.1,1317.05
11/16/18,1222.4,1310.1,1314.52
11/19/18,1221.6,1312.4,1312.29
11/20/18,1223,1311,1310.74
11/21/18,1226.1,1321.35,1312.99
11/22/18,1227.05,1329.15,1316.8
11/23/18,1223.65,1346.6,1324.1
11/26/18,1223.4,1346.6,1330.94
11/27/18,1221.2,1346.6,1338.06
11/28/18,1213.25,1352.4,1344.27
11/29/18,1226.25,1341.45,1346.73
11/30/18,1217.55,1332.45,1343.9
2012/3/18,1230.3,1323.85,1339.35
2012/4/18,1240.3,1323.85,1334.8
2012/5/18,1235.9,1323.85,1329.09
2012/6/18,1242.55,1323.85,1325.57
2012/7/18,1243.3,1323.85,1323.85
2012/10/18,1245.35,1333.45,1325.77
2012/11/18,1245.3,1337.3,1328.46
2012/12/18,1245.75,1327.7,1329.23
12/13/18,1242.75,1331.2,1330.7
12/14/18,1235.35,1331.2,1332.17
12/17/18,1241.65,1331.2,1331.72
12/18/18,1246.3,1331.95,1330.65
12/19/18,1255,1338.95,1332.9
12/20/18,1259.75,1350.75,1336.81
12/21/18,1258.15,1341.35,1338.84
12/24/18,,1343.7,1341.34
12/27/18,1268,1343.7,1343.69
12/28/18,1279,1343.7,1344.64
12/31/18,,1349.35,1344.36
2001/2/19,1282.9,1342.1,1344.51
2001/3/19,1290.45,1351.45,1346.06
2001/4/19,1279.9,1348.6,1347.04
2001/7/19,1292.2,1336.75,1345.65
2001/8/19,1286.45,1336.75,1343.13
2001/9/19,1288.6,1336.75,1342.06
2001/10/19,1291.9,1324.3,1336.63
2001/11/19,1288.95,1328.85,1332.68
1/14/19,1292.75,1321.65,1329.66
1/15/19,1294.4,1320.7,1326.45
1/16/19,1292.3,1321.5,1323.4
1/17/19,1290.7,1321.5,1322.84
1/18/19,1284.2,1321.5,1321.37
1/21/19,1279.55,1313.2,1319.68
1/22/19,1282.1,1307.1,1316.96
1/23/19,1279.8,1304.2,1313.5
1/24/19,1283.7,1315.05,1312.21
1/25/19,1293.9,1309.4,1309.79
1/28/19,1302.15,1309.4,1309.03
1/29/19,1307.55,1309.4,1309.49
1/30/19,1310.7,1309.4,1310.53
1/31/19,1323.25,1306.6,1308.84
2002/1/19,1318.7,1313.85,1309.73
2002/4/19,1312.15,1318.8,1311.61
2002/5/19,1314.2,1324.35,1314.6
2002/6/19,1312.4,1324.35,1317.59
2002/7/19,1310,1324.35,1321.14
2002/8/19,1314.85,1319.85,1322.34
2002/11/19,1306.4,1295,1317.58
2002/12/19,1310,1291.25,1310.96
2/13/19,1312.8,1289.5,1303.99
2/14/19,1311.45,1288.3,1296.78
2/15/19,1316.55,1288.3,1290.47
2/18/19,1325.5,1288.3,1289.13
2/19/19,1334.15,1288.35,1288.55
2/20/19,1343.75,1293.05,1289.26
2/21/19,1331.25,1289,1289.4
2/22/19,1329.05,1304.85,1292.71
2/25/19,1331.05,1303.5,1295.75
2/26/19,1325.05,1303.5,1298.78
2/27/19,1322.85,1303.5,1300.87
2/28/19,1319.15,1303.5,1303.77
2003/1/19,1311.95,1295.5,1301.9
2003/4/19,1285.4,1300.7,1301.34
2003/5/19,1283.8,1305.35,1301.71
2003/6/19,1285.85,1294.6,1299.93
2003/7/19,1285.3,1294.6,1298.15
2003/8/19,1296.75,1294.6,1297.97
2003/11/19,1292.75,1295.45,1296.92
2003/12/19,1297.05,1292.05,1294.26
3/13/19,1306.95,1300.1,1295.36
3/14/19,1295.55,1297.25,1295.89
3/15/19,1303.5,1298.25,1296.62
3/18/19,1305.6,1298.25,1297.18
3/19/19,1307.7,1298.25,1298.42
3/20/19,1303.7,1299.6,1298.32
3/21/19,1309.6,1298.65,1298.6
3/22/19,1311.3,1296.15,1298.18
3/25/19,1319.55,1302.75,1299.08
3/26/19,1316.3,1285.25,1296.48
3/27/19,1309.7,1285.25,1293.61
3/28/19,1295.15,1285.25,1290.93
3/29/19,1295.4,1281.55,1288.01
2004/1/19,1293.5,1276.15,1282.69
2004/2/19,1290.3,1274.2,1280.48
2004/3/19,1290.45,1266.15,1276.66
2004/4/19,1283.15,1269.15,1273.44
2004/5/19,1288.45,1269.15,1270.96
2004/8/19,1300,1269.15,1269.56
2004/9/19,1303,1268.7,1268.46
2004/10/19,1305.45,1260.3,1267.29
2004/11/19,1298.8,1254.6,1264.38
2004/12/19,1294.3,1251.55,1260.86
4/15/19,1285.65,1250.45,1257.12
4/16/19,1276.35,1250.45,1253.47
4/17/19,1275.85,1250.45,1251.5
4/18/19,1275.7,1247.8,1250.14
4/23/19,1269.5,1251.75,1250.18
4/24/19,1271.65,1255.65,1251.22
4/25/19,1280.8,1255.5,1252.23
4/26/19,1284.2,1255.35,1253.21
4/29/19,1279.5,1255.35,1254.72
4/30/19,1282.3,1255.35,1255.44
2005/1/19,1283.8,1262.05,1256.72
2005/2/19,1270.95,1254,1256.42
2005/3/19,1278.55,1251.4,1255.63
2005/7/19,1281.2,1245.9,1253.74
2005/8/19,1285.2,1241.7,1251.01
2005/9/19,1286.1,1241.7,1246.94
2005/10/19,1287.1,1241.7,1244.48
5/13/19,1295.6,1241.1,1242.42
5/14/19,1298.4,1232.8,1239.8
5/15/19,1299.1,1224.5,1236.36
5/16/19,1291.7,1217.55,1231.53
5/17/19,1280.8,1228.75,1228.94
5/20/19,1276.85,1228.75,1226.47
5/21/19,1271.15,1228.75,1225.66
5/22/19,1273.8,1224.95,1225.75
5/23/19,1283.65,1228.35,1227.91
5/24/19,1282.5,1231.5,1228.46
5/28/19,1278.3,1228.25,1228.36
5/29/19,1281.65,1223.95,1227.4
5/30/19,1280.95,1223.95,1227.2
5/31/19,1295.55,1223.95,1226.32
2006/3/19,1317.1,1223.8,1224.78
2006/4/19,1324.25,1220.95,1223.32
2006/5/19,1335.05,1219,1222.33
2006/6/19,1335.5,1215.45,1220.63
2006/7/19,1340.65,1216.3,1219.1
2006/10/19,1328.6,1216.3,1217.6
2006/11/19,1324.3,1216.3,1216.67
2006/12/19,1332.35,1209.65,1214.8
6/13/19,1335.9,1212.35,1214.18
6/14/19,1351.25,1209.55,1212.83
6/17/19,1341.3,1214.35,1212.44
6/18/19,1341.35,1214.4,1212.06
6/19/19,1344.05,1214.4,1213.01
6/20/19,1379.5,1214.4,1213.42
6/21/19,1397.15,1200.35,1211.58
6/24/19,1405.7,1197,1208.11
6/25/19,1431.4,1182,1201.63
6/26/19,1403.95,1180.4,1194.83
6/27/19,1402.5,1178.4,1187.63
6/28/19,1409,1178.4,1183.24
2007/1/19,1390.1,1178.4,1179.52
2007/2/19,1391.05,1184.35,1179.99
2007/3/19,1413.5,1190.95,1182.1
2007/4/19,1414.9,1196.65,1185.75
2007/5/19,1388.65,1192.35,1188.54
2007/8/19,1400.1,1197.7,1192.4
2007/9/19,1391.55,1197.7,1195.07
2007/10/19,1408.3,1197.7,1196.42
2007/11/19,1413.75,1197.7,1196.63
2007/12/19,1407.6,1212.25,1200.61
7/15/19,1412.4,1204.2,1201.91
7/16/19,1409.85,1197.3,1201.83
7/17/19,1410.35,1202.45,1202.78
7/18/19,1417.45,1202.45,1203.73
7/19/19,1439.7,1202.45,1201.77
7/22/19,1427.75,1200.05,1200.94
7/23/19,1425.55,1190.85,1199.65
7/24/19,1426.95,1196.7,1198.5
7/25/19,1416.1,1205.15,1199.04
7/26/19,1420.4,1198.9,1198.33
7/29/19,1419.05,1198.9,1198.1
7/30/19,1425.9,1198.9,1199.71
7/31/19,1427.55,1196.6,1199.69
2008/1/19,1406.8,1189.85,1196.63
2008/2/19,1441.75,1195.6,1195.97
2008/5/19,1465.25,1209.8,1198.15
2008/6/19,1465.25,1201.95,1198.76
2008/7/19,1506.05,1201.95,1199.83
2008/8/19,1495.75,1201.95,1202.25
2008/9/19,1497.7,1201.9,1203.51
2008/12/19,1504.7,1200.2,1201.59
8/13/19,1498.4,1203.3,1201.86
8/14/19,1513.25,1208.35,1203.14
8/15/19,1515.65,1198.7,1202.49
8/16/19,1515.25,1198.7,1201.85
8/19/19,1496.6,1198.7,1201.55
8/20/19,1504.55,1202.75,1201.44
8/21/19,1503.25,1201.9,1200.15
8/22/19,1502.05,1194.25,1199.26
8/23/19,1503.8,1185.4,1196.6
8/27/19,1532.95,1187.25,1194.31
8/28/19,1537.15,1187.25,1191.21
8/29/19,1540.2,1187.25,1188.28
8/30/19,1528.4,1189.35,1187.3
2009/2/19,1525.95,1204.7,1191.16
2009/3/19,1537.85,1201.2,1193.95
2009/4/19,1546.1,1203.45,1197.19
2009/5/19,1529.1,1203.8,1200.5
2009/6/19,1523.7,1203.8,1203.39
2009/9/19,1509.2,1203.8,1203.21
2009/10/19,1498.25,1186.95,1200.36
2009/11/19,1490.65,1185.55,1196.78
2009/12/19,1515.2,1188.6,1193.74
9/13/19,1503.1,1205.55,1194.09
9/16/19,1497.2,1219.75,1197.28
9/17/19,1502.1,1219.75,1203.84
9/18/19,1503.5,1219.75,1210.68
9/19/19,1500.7,1229.95,1218.95
9/20/19,1501.9,1230.7,1223.98
9/23/19,1522.1,1229.05,1225.84
9/24/19,1520.65,1223,1226.49
9/25/19,1528.75,1227.85,1228.11
9/26/19,1506.4,1227.85,1227.69
9/27/19,1489.9,1227.85,1227.12
9/30/19,1485.3,1222.3,1225.77
2010/1/19,1473.45,1235.95,1228.36
2010/2/19,1492.6,1230.55,1228.9
2010/3/19,1517.1,1230.8,1229.49
2010/4/19,1499.15,1233.85,1230.69
2010/7/19,1501.25,1233.85,1233
2010/8/19,1505.85,1233.85,1232.58
2010/9/19,1507.25,1230.8,1232.63
2010/10/19,1494.8,1225.4,1231.55
2010/11/19,1479.15,1214.95,1227.77
10/14/19,1490.6,1231.15,1227.23
10/15/19,1487.8,1232.1,1226.88
10/16/19,1485.1,1232.1,1227.14
10/17/19,1492.65,1232.1,1228.48
10/18/19,1490,1232.25,1231.94
10/21/19,1491.65,1231.6,1232.03
10/22/19,1485.35,1229.95,1231.6
10/23/19,1494.45,1224.15,1230.01
10/24/19,1496.55,1211.4,1225.87
10/25/19,1513.45,1211.4,1221.7
10/28/19,1492.4,1211.4,1217.66
10/29/19,1486.75,1205.55,1212.78
10/30/19,1492.1,1202.1,1208.37
10/31/19,1510.95,1203.25,1206.74
2011/1/19,1508.8,1211.85,1206.83
2011/4/19,1509.45,1222.4,1209.03
2011/5/19,1488.95,1222.4,1212.4
2011/6/19,1486.05,1222.4,1216.46
2011/7/19,1484.25,1221.6,1220.13
2011/8/19,1464.15,1223,1222.36
2011/11/19,1458.7,1226.1,1223.1
2011/12/19,1452.05,1227.05,1224.03
11/13/19,1462.9,1223.65,1224.28
11/14/19,1466.65,1223.65,1224.69
11/15/19,1466.9,1223.65,1224.82
11/18/19,1467.65,1223.4,1224.28
11/19/19,1468.45,1221.2,1223.11
11/20/19,1471.7,1213.25,1221.03
11/21/19,1467.05,1226.25,1221.55
11/22/19,1464.45,1217.55,1220.33
11/25/19,1458.4,1217.55,1219.16
11/26/19,1454.65,1217.55,1218.43
11/27/19,1454.35,1230.3,1221.84
11/28/19,1454.65,1240.3,1224.65
11/29/19,1460.15,1235.9,1228.32
2012/2/19,1461.15,1242.55,1233.32
2012/3/19,1477.3,1243.3,1238.47
2012/4/19,1475.1,1243.3,1241.07
2012/5/19,1475.95,1243.3,1241.67
2012/6/19,1459.65,1245.35,1243.56
2012/9/19,1461.7,1245.3,1244.11
2012/10/19,1464.95,1245.75,1244.6
2012/11/19,1466.8,1242.75,1244.49
2012/12/19,1467.8,1235.35,1242.9
12/13/19,1466.6,1235.35,1240.9
12/16/19,1477.9,1235.35,1238.91
12/17/19,1475.8,1241.65,1238.09
12/18/19,1474.05,1246.3,1238.8
12/19/19,1476.7,1255,1242.73
12/20/19,1479,1259.75,1247.61
12/23/19,1482.1,1258.15,1252.17
12/24/19,,1258.15,1255.47
12/27/19,1511.5,1258.15,1257.84
12/30/19,1514.75,1258.15,1258.47
12/31/19,,1258.15,1258.15
2001/2/20,1527.1,1258.15,1258.15
2001/3/20,1548.75,1268,1260.12
2001/6/20,1573.1,1279,1264.29
2001/7/20,1567.85,1279,1268.46
2001/8/20,1571.95,1279,1272.63
2001/9/20,1550.75,1279,1276.8
2001/10/20,1553.6,1279,1279
1/13/20,1549.9,1282.9,1279.78
1/14/20,1545.1,1290.45,1282.07
1/15/20,1549,1279.9,1282.25
1/16/20,1554.55,1279.9,1282.43
1/17/20,1557.6,1279.9,1282.61
1/20/20,1560.15,1292.2,1284.47
1/21/20,1551.3,1286.45,1283.67
1/22/20,1556.9,1288.6,1285.41
1/23/20,1562.9,1291.9,1287.81
1/24/20,1564.3,1288.95,1289.62
1/27/20,1580.1,1288.95,1288.97
1/28/20,1574,1288.95,1289.47
1/29/20,1573.45,1292.75,1290.3
1/30/20,1578.25,1294.4,1290.8
1/31/20,1584.2,1292.3,1291.47
2002/3/20,1574.75,1290.7,1291.82
2002/4/20,1558.35,1284.2,1290.87
2002/5/20,1553.3,1284.2,1289.16
2002/6/20,1563.3,1284.2,1287.12
2002/7/20,1572.65,1279.55,1284.57
2002/10/20,1573.2,1282.1,1282.85
2002/11/20,1570.5,1279.8,1281.97
2002/12/20,1563.7,1283.7,1281.87
2/13/20,1575.05,1293.9,1283.81
2/14/20,1581.4,1293.9,1286.68
2/17/20,1580.8,1293.9,1289.04
2/18/20,1589.85,1302.15,1293.51
2/19/20,1604.2,1307.55,1298.28
2/20/20,1619,1310.7,1301.64
2/21/20,1643.3,1323.25,1307.51
2/24/20,1671.65,1318.7,1312.47
2/25/20,1650.3,1318.7,1315.78
2/26/20,1634.9,1318.7,1318.01
2/27/20,1652,1312.15,1318.3
2/28/20,1609.85,1314.2,1316.49
2003/2/20,1599.65,1312.4,1315.23
2003/3/20,1615.5,1310,1313.49
2003/4/20,1641.85,1314.85,1312.72
2003/5/20,1659.6,1314.85,1313.26
2003/6/20,1683.65,1314.85,1313.39
2003/9/20,1672.5,1306.4,1312.19
2003/10/20,1655.7,1310,1312.19
2003/11/20,1653.75,1312.8,1311.78
2003/12/20,1570.7,1311.45,1311.1
3/13/20,1562.8,1316.55,1311.44
3/16/20,1487.7,1316.55,1313.47
3/17/20,1536.2,1316.55,1314.78
3/18/20,1498.2,1325.5,1317.32
3/19/20,1474.25,1334.15,1321.86
3/20/20,1494.4,1343.75,1327.3
3/23/20,1525.4,1331.25,1330.24
3/24/20,1605.75,1329.05,1332.74
3/25/20,1605.45,1329.05,1333.45
3/26/20,1634.8,1329.05,1332.43
3/27/20,1617.3,1331.05,1329.89
3/30/20,1618.3,1325.05,1328.65
3/31/20,1608.95,1322.85,1327.41
2004/1/20,1576.55,1319.15,1325.43
2004/2/20,1616.8,1311.95,1322.01
2004/3/20,1613.1,1311.95,1318.19
2004/6/20,1648.3,1311.95,1315.57
2004/7/20,1649.25,1285.4,1308.08
2004/8/20,1647.8,1283.8,1301.01
2004/9/20,1680.65,1285.85,1295.79
4/14/20,1741.9,1285.3,1290.46
4/15/20,1718.65,1296.75,1287.42
4/16/20,1729.5,1296.75,1289.69
4/17/20,1692.55,1296.75,1292.28
4/20/20,1686.2,1292.75,1293.66
4/21/20,1682.05,1297.05,1296.01
4/22/20,1710.55,1306.95,1298.05
4/23/20,1736.25,1295.55,1297.81
4/24/20,1715.9,1303.5,1299.16
4/27/20,1714.95,1303.5,1301.31
4/28/20,1691.55,1303.5,1302.6
4/29/20,1703.35,1305.6,1302.33
4/30/20,1702.75,1307.7,1304.76
2005/1/20,1686.25,1303.7,1304.8
2005/4/20,1709.1,1309.6,1306.02
2005/5/20,1699.55,1311.3,1307.58
2005/6/20,1691.5,1311.3,1308.72
2005/7/20,1704.05,1311.3,1309.44
2005/11/20,1702.75,1319.55,1312.61
2005/12/20,1702.4,1316.3,1313.95
5/13/20,1708.4,1309.7,1313.63
5/14/20,1731.6,1295.15,1310.4
5/15/20,1735.35,1295.4,1307.22
5/18/20,1734.7,1295.4,1302.39
5/19/20,1737.95,1295.4,1298.21
5/20/20,1748.3,1293.5,1294.97
5/21/20,1724.9,1290.3,1294
5/22/20,1733.55,1290.45,1293.01
5/26/20,1720.25,1283.15,1290.56
5/27/20,1694.6,1288.45,1289.17
5/28/20,1717.35,1288.45,1288.16
5/29/20,1728.7,1288.45,1287.79
2006/1/20,1730.6,1300,1289.7
2006/2/20,1742.15,1303,1293.67
2006/3/20,1705.35,1305.45,1297.07
2006/4/20,1700.05,1298.8,1299.14
2006/5/20,1683.45,1294.3,1300.31
2006/8/20,1690.35,1294.3,1299.17
2006/9/20,1713.5,1294.3,1297.43
2006/10/20,1722.05,1285.65,1293.47
2006/11/20,1738.25,1276.35,1288.98
2006/12/20,1733.5,1275.85,1285.29
6/15/20,1710.45,1275.7,1281.57
6/16/20,1719.85,1275.7,1277.85
6/17/20,1724.35,1275.7,1275.86
6/18/20,1719.5,1275.7,1275.73
6/19/20,1734.75,1275.7,1275.7
6/22/20,1761.85,1269.5,1274.46
6/23/20,1768.9,1271.65,1273.65
6/24/20,1766.05,1280.8,1274.67
6/25/20,1756.55,1284.2,1276.37
6/26/20,1747.6,1284.2,1278.07
6/29/20,1771.6,1284.2,1281.01
6/30/20,1768.1,1279.5,1282.58
2007/1/20,1771.05,1282.3,1282.88
2007/2/20,1777.45,1283.8,1282.8
2007/3/20,1772.9,1270.95,1280.15
2007/6/20,1787.9,1278.55,1279.02
2007/7/20,1789.55,1278.55,1278.83
2007/8/20,1811.1,1278.55,1278.08
2007/9/20,1812.1,1278.55,1277.03
2007/10/20,1803.1,1281.2,1279.08
7/13/20,1807.5,1285.2,1280.41
7/14/20,1801.9,1286.1,1281.92
7/15/20,1804.6,1287.1,1283.63
7/16/20,1807.7,1287.1,1285.34
7/17/20,1807.35,1287.1,1286.52
7/20/20,1815.65,1295.6,1288.6
7/21/20,1842.55,1298.4,1291.06
7/22/20,1852.4,1299.1,1293.46
7/23/20,1878.3,1291.7,1294.38
7/24/20,1902.1,1280.8,1293.12
7/27/20,1936.65,1280.8,1290.16
7/28/20,1940.9,1280.8,1286.64
7/29/20,1950.9,1276.85,1282.19
7/30/20,1957.65,1271.15,1278.08
7/31/20,1964.9,1273.8,1276.68
2008/3/20,1958.55,1283.65,1277.25
2008/4/20,1977.9,1282.5,1277.59
2008/5/20,2048.15,1282.5,1278.72
2008/6/20,2067.15,1282.5,1280.99
2008/7/20,2031.15,1282.5,1282.73
2008/10/20,2044.5,1278.3,1281.66
2008/11/20,1939.65,1281.65,1281.49
2008/12/20,1931.9,1280.95,1281.18
8/13/20,1944.25,1295.55,1283.79
8/14/20,1944.75,1295.55,1286.4
8/17/20,1972.85,1295.55,1289.85
8/18/20,2008.75,1317.1,1296.94
8/19/20,1981,1324.25,1305.6
8/20/20,1927.15,1335.05,1313.5
8/21/20,1924.35,1335.5,1321.49
8/24/20,1943.95,1340.65,1330.51
8/25/20,1911.15,1340.65,1335.22
8/26/20,1932.95,1340.65,1338.5
8/27/20,1923.85,1328.6,1337.21
8/28/20,1957.35,1324.3,1334.97
2009/1/20,1972.35,1332.35,1333.31
2009/2/20,1947.05,1335.9,1332.36
2009/3/20,1940.45,1351.25,1334.48
2009/4/20,1926.3,1351.25,1339.01
2009/7/20,1928.45,1351.25,1344.4
2009/8/20,1910.95,1341.3,1346.19
2009/9/20,1947.2,1341.35,1347.28
2009/10/20,1966.25,1344.05,1345.84
2009/11/20,1947.4,1379.5,1351.49
9/14/20,1958.7,1397.15,1360.67
9/15/20,1949.35,1397.15,1371.84
9/16/20,1961.8,1397.15,1383
9/17/20,1936.25,1405.7,1395.33
9/18/20,1950.85,1431.4,1405.71
9/21/20,1909.35,1403.95,1407.07
9/22/20,1906,1402.5,1408.14
9/23/20,1873.4,1409,1410.51
9/24/20,1861.75,1409,1411.17
9/25/20,1859.7,1409,1406.69
9/28/20,1864.3,1390.1,1403.92
9/29/20,1883.95,1391.05,1401.63
9/30/20,1886.9,1413.5,1402.53
2010/1/20,1902,1414.9,1403.71
2010/2/20,1903.05,1388.65,1399.64
2010/5/20,1909.6,1388.65,1399.35
2010/6/20,1913.4,1388.65,1398.87
2010/7/20,1884.5,1400.1,1396.19
2010/8/20,1887.45,1391.55,1391.52
2010/9/20,1923.25,1408.3,1395.45
2010/12/20,1925.5,1413.75,1400.47
10/13/20,1891.3,1407.6,1404.26
10/14/20,1910.05,1407.6,1405.76
10/15/20,1891.9,1407.6,1408.97
10/16/20,1905.05,1412.4,1409.79
10/19/20,1905.6,1409.85,1409.01
10/20/20,1898.4,1410.35,1409.56
10/21/20,1924.15,1417.45,1411.53
10/22/20,1900.95,1439.7,1417.95
10/23/20,1903.65,1439.7,1423.41
10/26/20,1898.45,1439.7,1429.38
10/27/20,1905.7,1427.75,1432.86
10/28/20,1869.95,1425.55,1434.48
10/29/20,1870.3,1426.95,1431.93
10/30/20,1881.85,1416.1,1427.21
2011/2/20,1889.9,1420.4,1423.35
2011/3/20,1908.3,1420.4,1421.88
2011/4/20,1900.15,1420.4,1420.85
2011/5/20,1938.45,1419.05,1419.27
2011/6/20,1940.8,1425.9,1421.23
2011/9/20,1867.3,1427.55,1422.66
2011/10/20,1878.7,1406.8,1419.94
2011/11/20,1860.95,1441.75,1424.21
2011/12/20,1874.85,1441.75,1428.75
11/13/20,1890.9,1441.75,1431.92
11/16/20,1885.6,1465.25,1439.46
11/17/20,1889.05,1465.25,1451.15
11/18/20,1876.1,1506.05,1464.01
11/19/20,1857.35,1495.75,1474.81
11/20/20,1875.7,1497.7,1486
11/23/20,1840.2,1497.7,1492.49
11/24/20,1799.6,1497.7,1498.98
11/25/20,1810.2,1504.7,1498.71
11/26/20,1807.4,1498.4,1499.24
11/27/20,1779.3,1513.25,1502.35
11/30/20,1762.55,1515.65,1505.94
2012/1/20,1810.75,1515.25,1509.45
2012/2/20,1822.6,1515.25,1511.56
2012/3/20,1832.35,1515.25,1514.93
2012/4/20,1843,1496.6,1511.6
2012/7/20,1859.95,1504.55,1509.38
2012/8/20,1868.15,1503.25,1506.98
2012/9/20,1841.75,1502.05,1504.34
2012/10/20,1844.35,1503.8,1502.05
2012/11/20,1842,1503.8,1503.49
12/14/20,1831.15,1503.8,1503.34
12/15/20,1850.65,1503.8,1503.45
12/16/20,1851.95,1532.95,1509.63
12/17/20,1890.75,1537.15,1516.3
12/18/20,1879.75,1540.2,1523.58
12/21/20,1880,1528.4,1528.5
12/22/20,1877.1,1528.4,1533.42
12/23/20,1875,1528.4,1532.51
12/24/20,,1525.95,1530.27
12/29/20,1874.3,1537.85,1529.8
12/30/20,1887.6,1546.1,1533.34
12/31/20,,1529.1,1533.48
2001/4/21,1943.2,1523.7,1532.54
2001/5/21,1940.35,1523.7,1532.09
2001/6/21,1931.95,1523.7,1529.26
2001/7/21,1920.1,1509.2,1521.88
2001/8/21,1862.9,1498.25,1515.71
2001/11/21,1847.25,1490.65,1509.1
2001/12/21,1841.25,1515.2,1507.4
1/13/21,1858.85,1503.1,1503.28
1/14/21,1841.75,1503.1,1502.06
1/15/21,1839,1503.1,1503.03
1/18/21,1833.05,1497.2,1504.34
1/19/21,1834.7,1502.1,1501.72
1/20/21,1856.6,1503.5,1501.8
1/21/21,1862.1,1500.7,1501.32
1/22/21,1852.7,1501.9,1501.08
1/25/21,1856.85,1501.9,1502.02
1/26/21,1856.6,1501.9,1501.98
1/27/21,1843,1522.1,1505.7
1/28/21,1853.7,1520.65,1509.69
1/29/21,1863.8,1528.75,1515.06
2002/1/21,1862.95,1506.4,1515.96
2002/2/21,1833.1,1489.9,1513.56
2002/3/21,1835.45,1489.9,1507.12
2002/4/21,1785.9,1489.9,1500.97
2002/5/21,1802.95,1485.3,1492.28
2002/8/21,1835.25,1473.45,1485.69
2002/9/21,1839.6,1492.6,1486.23
2002/10/21,1842.65,1517.1,1491.67
2002/11/21,1840.1,1499.15,1493.52
2002/12/21,1816.35,1499.15,1496.29
2/15/21,1817.3,1499.15,1501.43
2/16/21,1794.25,1501.25,1503.16
2/17/21,1780.7,1505.85,1500.91
2/18/21,1773.15,1507.25,1502.53
2/19/21,1786.2,1494.8,1501.66
2/22/21,1807.45,1479.15,1497.66
2/23/21,1799.65,1479.15,1493.24
2/24/21,1788,1479.15,1487.9
2/25/21,1779.65,1490.6,1484.57
2/26/21,1742.85,1487.8,1483.17
2003/1/21,1734.15,1485.1,1484.36
2003/2/21,1723.85,1492.65,1487.06
2003/3/21,1711.4,1490,1489.23
2003/4/21,1712.1,1490,1489.11
2003/5/21,1696.25,1490,1489.55
2003/8/21,1687.05,1491.65,1490.86
2003/9/21,1716.9,1485.35,1489.4
2003/10/21,1716.2,1494.45,1490.29
2003/11/21,1724.25,1496.55,1491.6
2003/12/21,1704.8,1513.45,1496.29
3/15/21,1723.65,1513.45,1500.65
3/16/21,1735,1513.45,1506.27
3/17/21,1729.65,1492.4,1505.86
3/18/21,1725.9,1486.75,1503.9
3/19/21,1735.2,1492.1,1499.63
3/22/21,1736.15,1510.95,1499.13
3/23/21,1726.2,1508.8,1498.2
3/24/21,1730.5,1508.8,1501.48
3/25/21,1737.3,1508.8,1505.89
3/26/21,1731.8,1509.45,1509.36
3/29/21,1705.95,1488.95,1504.96
3/30/21,1683.95,1486.05,1500.41
3/31/21,1691.05,1484.25,1495.5
2004/1/21,1726.05,1464.15,1486.57
2004/6/21,1744.65,1464.15,1477.51
2004/7/21,1738.05,1464.15,1472.55
2004/8/21,1755.5,1458.7,1467.08
2004/9/21,1741.2,1452.05,1460.64
2004/12/21,1732.85,1462.9,1460.39
4/13/21,1747.95,1466.65,1460.89
4/14/21,1735.55,1466.9,1461.44
4/15/21,1757.2,1466.9,1463.08
4/16/21,1774.45,1466.9,1466.05
4/19/21,1774.5,1467.65,1467
4/20/21,1777.85,1468.45,1467.36
4/21/21,1798.2,1471.7,1468.32
4/22/21,1787.75,1467.05,1468.35
4/23/21,1781.8,1464.45,1467.86
4/26/21,1773.35,1464.45,1467.22
4/27/21,1784.15,1464.45,1466.42
4/28/21,1772.2,1458.4,1463.76
4/29/21,1762.65,1454.65,1461.28
4/30/21,1767.65,1454.35,1459.26
2005/4/21,1797.75,1454.65,1457.3
2005/5/21,1782.25,1460.15,1456.44
2005/6/21,1813.15,1460.15,1456.79
2005/7/21,1836.55,1460.15,1457.89
2005/10/21,1840.45,1461.15,1459.25
2005/11/21,1829.1,1477.3,1463.78
2005/12/21,1830.7,1475.1,1466.77
5/13/21,1821.8,1475.95,1469.93
5/14/21,1838.1,1459.65,1469.83
5/17/21,1853.7,1459.65,1469.53
5/18/21,1866.75,1459.65,1466
5/19/21,1888.45,1461.7,1463.32
5/20/21,1878.3,1464.95,1461.12
5/21/21,1875.9,1466.8,1462.55
5/24/21,1880.15,1467.8,1464.18
5/25/21,1887,1466.6,1465.57
5/26/21,1899.75,1466.6,1466.55
5/27/21,1891.45,1466.6,1466.88
5/28/21,1899.95,1477.9,1469.1
2006/1/21,1899.35,1475.8,1470.7
2006/2/21,1902.75,1474.05,1472.19
2006/3/21,1866.55,1476.7,1474.21
2006/4/21,1890.6,1479,1476.69
2006/7/21,1888.4,1479,1476.91
2006/8/21,1893.15,1479,1477.55
2006/9/21,1894.6,1482.1,1479.16
2006/10/21,1888.65,1482.1,1480.24
2006/11/21,1881.05,1482.1,1480.86
6/14/21,1865.6,1482.1,1481.48
6/15/21,1865.1,1511.5,1487.98
6/16/21,1860.75,1511.5,1493.86
6/17/21,1778.7,1511.5,1499.74
6/18/21,1773.1,1514.75,1506.27
6/21/21,1775.05,1514.75,1512.8
6/22/21,1775.05,1514.75,1513.45
6/23/21,1791.6,1527.1,1516.57
6/24/21,1784.85,1548.75,1524.02
6/25/21,1786.65,1548.75,1530.82
6/28/21,1780.3,1548.75,1537.62
6/29/21,1755.45,1573.1,1549.29
6/30/21,1763.15,1567.85,1557.44
2007/1/21,1781.5,1571.95,1562.08
2007/2/21,1786.15,1550.75,1562.48
2007/5/21,1791.35,1553.6,1563.45
2007/6/21,1809.85,1553.6,1559.55
2007/7/21,1804.65,1553.6,1556.7
2007/8/21,1807.7,1549.9,1552.29
2007/9/21,1806,1545.1,1551.16
2007/12/21,1792.4,1549,1550.24
7/13/21,1813.85,1554.55,1550.43
7/14/21,1823.2,1557.6,1551.23
7/15/21,1823.75,1557.6,1552.77
7/16/21,1824.3,1557.6,1555.27
7/19/21,1814.9,1560.15,1557.5
7/20/21,1823.05,1551.3,1556.85
7/21/21,1802.15,1556.9,1556.71
7/22/21,1799.45,1562.9,1557.77
7/23/21,1799.6,1564.3,1559.11
7/26/21,1800.2,1564.3,1559.94
7/27/21,1800.35,1564.3,1562.54
7/28/21,1796.6,1580.1,1567.18
7/29/21,1829.3,1574,1569.4
7/30/21,1825.75,1573.45,1571.23
2008/2/21,1811.45,1578.25,1574.02
2008/3/21,1812.65,1584.2,1578
2008/4/21,1829.1,1584.2,1578.82
2008/5/21,1800.75,1584.2,1580.86
2008/6/21,1762.9,1574.75,1581.12
2008/9/21,1738.85,1558.35,1577.14
2008/10/21,1723.35,1553.3,1570.96
2008/11/21,1743.6,1563.3,1566.78
2008/12/21,1747.4,1572.65,1564.47
8/13/21,1773.85,1572.65,1564.05
8/16/21,1786.35,1572.65,1566.91
8/17/21,1789.45,1573.2,1570.89
8/18/21,1783.45,1570.5,1572.33
8/19/21,1782.05,1563.7,1570.54
8/20/21,1779.05,1575.05,1571.02
8/23/21,1802,1581.4,1572.77
8/24/21,1808.45,1581.4,1574.41
8/25/21,1788.7,1581.4,1576.59
8/26/21,1786.6,1580.8,1580.01
8/27/21,1798.5,1589.85,1582.97
8/31/21,1814.85,1604.2,1587.53
2009/1/21,1811.8,1619,1595.05
2009/2/21,1812.55,1643.3,1607.43
2009/3/21,1823.7,1643.3,1619.93
2009/6/21,1821.6,1643.3,1630.62
2009/7/21,1802.15,1671.65,1644.11
2009/8/21,1786,1650.3,1650.37
2009/9/21,1788.25,1634.9,1648.69
2009/10/21,1794.6,1652,1650.43
,,1609.85,1643.74
,,1609.85,1631.38
,,1609.85,1623.29
,,1599.65,1616.24
,,1615.5,1608.94
,,1641.85,1615.34
,,1659.6,1625.29
,,1683.65,1640.05
,,1683.65,1656.85
,,1683.65,1670.48
,,1672.5,1676.61
,,1655.7,1675.83
,,1653.75,1669.85
,,1570.7,1647.26
,,1562.8,1623.09
,,1562.8,1601.15
,,1562.8,1582.57
,,1487.7,1549.36
,,1536.2,1542.46
,,1498.2,1529.54
,,1474.25,1511.83
,,1494.4,1498.15
,,1494.4,1499.49
,,1494.4,1491.13
,,1525.4,1496.57
,,1605.75,1522.87
,,1605.45,1545.08
,,1634.8,1573.16
,,1617.3,1597.74
,,1617.3,1616.12
,,1617.3,1618.43
,,1618.3,1621
,,1608.95,1615.83
,,1576.55,1607.68
,,1616.8,1607.58
,,1613.1,1606.74
,,1613.1,1605.7
,,1613.1,1606.53
,,1648.3,1620.88
,,1649.25,1627.37
,,1647.8,1634.31
,,1680.65,1647.82
,,1680.65,1661.33
,,1680.65,1667.8
,,1680.65,1674.08
,,1680.65,1680.65
,,1741.9,1692.9
,,1718.65,1700.5
,,1729.5,1710.27
,,1692.55,1712.65
,,1692.55,1715.03
,,1692.55,1705.16
,,1686.2,1698.67
,,1682.05,1689.18
,,1710.55,1692.78
,,1736.25,1701.52
,,1715.9,1706.19
,,1715.9,1712.13
,,1715.9,1718.9
,,1714.95,1719.78
,,1691.55,1710.84
,,1703.35,1708.33
,,1702.75,1705.7
,,1686.25,1699.77
,,1686.25,1694.03
,,1686.25,1692.97
,,1709.1,1694.12
,,1699.55,1693.48
,,1691.5,1694.53
,,1704.05,1698.09
,,1704.05,1701.65
,,1704.05,1700.64
,,1704.05,1701.54
,,1702.75,1703.79
,,1702.4,1703.46
,,1708.4,1704.33
,,1731.6,1709.84
,,1735.35,1716.1
,,1735.35,1722.62
,,1735.35,1729.21
,,1734.7,1734.47
,,1737.95,1735.74
,,1748.3,1738.33
,,1724.9,1736.24
,,1733.55,1735.88
,,1733.55,1735.65
,,1733.55,1734.77
,,1733.55,1731.82
,,1720.25,1730.89
,,1694.6,1723.1
,,1717.35,1719.86
,,1728.7,1718.89
,,1728.7,1717.92
,,1728.7,1719.61
,,1730.6,1726.81
,,1742.15,1731.77
,,1705.35,1727.1
,,1700.05,1721.37
,,1683.45,1712.32
,,1683.45,1702.89
,,1683.45,1691.15
,,1690.35,1688.15
,,1713.5,1690.84
,,1722.05,1698.56
,,1738.25,1709.52
,,1733.5,1719.53
,,1733.5,1728.16
,,1733.5,1732.16
,,1710.45,1729.84
,,1719.85,1726.16
,,1724.35,1724.33
,,1719.5,1721.53
,,1734.75,1721.78
,,1734.75,1726.64
,,1734.75,1729.62
,,1761.85,1737.12
,,1768.9,1747
,,1766.05,1753.26
,,1756.55,1757.62
,,1747.6,1760.19
,,1747.6,1757.34
,,1747.6,1753.08
,,1771.6,1754.19
,,1768.1,1756.5
,,1771.05,1761.19
,,1777.45,1767.16
,,1772.9,1772.22
,,1772.9,1772.48
,,1772.9,1773.44
,,1787.9,1776.81
,,1789.55,1779.23
,,1811.1,1786.87
,,1812.1,1794.71
,,1803.1,1800.75
,,1803.1,1803.79
,,1803.1,1806.5
,,1807.5,1805.78
,,1801.9,1803.74
,,1804.6,1804.04
,,1807.7,1804.96
,,1807.35,1805.81
,,1807.35,1805.78
,,1807.35,1806.87
,,1815.65,1809.08
,,1842.55,1816.05
,,1852.4,1825.06
,,1878.3,1839.25
,,1902.1,1858.2
,,1902.1,1875.49
,,1902.1,1887.4
,,1936.65,1904.25
,,1940.9,1916.77
,,1950.9,1926.53
,,1957.65,1937.64
,,1964.9,1950.2
,,1964.9,1955.85
,,1964.9,1960.65
,,1958.55,1962.18
,,1977.9,1966.23
,,2048.15,1982.88
,,2067.15,2003.33
,,2031.15,2016.58
,,2031.15,2031.1
,,2031.15,2041.75
,,2044.5,2041.02
,,1939.65,2015.52
,,1931.9,1995.67
,,1944.25,1978.29
,,1944.75,1961.01
,,1944.75,1941.06
,,1944.75,1942.08
,,1972.85,1950.27
,,2008.75,1963.17
,,1981,1970.42
,,1927.15,1966.9
,,1924.35,1962.82
,,1924.35,1953.12
,,1924.35,1936.24
,,1943.95,1928.83
,,1911.15,1925.63
,,1932.95,1927.35
,,1923.85,1927.25
,,1957.35,1933.85
,,1957.35,1936.53
,,1957.35,1945.77
,,1957.35,1950.65
,,1972.35,1960.35
,,1947.05,1958.29
,,1940.45,1954.91
,,1926.3,1948.7
,,1926.3,1942.49
,,1926.3,1933.28
,,1928.45,1929.56
,,1910.95,1923.66
,,1947.2,1927.84
,,1966.25,1935.83
,,1947.4,1940.05
,,1947.4,1943.84
,,1947.4,1951.13
,,1958.7,1953.43
,,1949.35,1950.05
,,1961.8,1952.93
,,1936.25,1950.7
,,1950.85,1951.39
,,1950.85,1949.82
,,1950.85,1950.12
,,1909.35,1939.63
,,1906,1933.58
,,1873.4,1918.09
,,1861.75,1900.27
,,1859.7,1882.04
,,1859.7,1872.11
,,1859.7,1862.85
,,1864.3,1861.03
,,1883.95,1865.47
,,1886.9,1870.91
,,1902,1879.37
,,1903.05,1888.04
,,1903.05,1895.79
,,1903.05,1899.61
,,1909.6,1904.15
,,1913.4,1906.43
,,1884.5,1902.72
,,1887.45,1899.6
,,1923.25,1903.64
,,1923.25,1906.37
,,1923.25,1908.34
,,1925.5,1916.54
,,1891.3,1917.31
,,1910.05,1914.67
,,1891.9,1908.4
,,1905.05,1904.76
,,1905.05,1900.67
,,1905.05,1903.42
,,1905.6,1902.53
,,1898.4,1903.83
,,1924.15,1907.65
,,1900.95,1906.83
,,1903.65,1906.55
,,1903.65,1906.16
,,1903.65,1907.21
,,1898.45,1902.07
,,1905.7,1903.02
,,1869.95,1896.28
,,1870.3,1889.61
,,1881.85,1885.25
,,1881.85,1881.93
,,1881.85,1877.16
,,1889.9,1881.15
,,1908.3,1888.75
,,1900.15,1892.41
,,1938.45,1903.73
,,1940.8,1915.52
,,1940.8,1925.7
,,1940.8,1932.2
,,1867.3,1925.63
,,1878.7,1913.68
,,1860.95,1897.71
,,1874.85,1884.52
,,1890.9,1874.54
,,1890.9,1879.26
,,1890.9,1881.7
,,1885.6,1886.63
,,1889.05,1889.47
,,1876.1,1886.51
,,1857.35,1879.8
,,1875.7,1876.76
,,1875.7,1874.78
,,1875.7,1872.11
,,1840.2,1864.93
,,1799.6,1853.38
,,1810.2,1840.28
,,1807.4,1826.62
,,1779.3,1807.34
,,1779.3,1795.16
,,1779.3,1791.1
,,1762.55,1781.57
,,1810.75,1782.24
,,1822.6,1790.9
,,1832.35,1801.51
,,1843,1814.25
,,1843,1830.34
,,1843,1836.79
,,1859.95,1844.26
,,1868.15,1851.42
,,1841.75,1851.17
,,1844.35,1851.44
,,1842,1851.24
,,1842,1847.65
,,1842,1842.42
,,1831.15,1840.3
,,1850.65,1841.56
,,1851.95,1843.55
,,1890.75,1853.3
,,1879.75,1860.85
,,1879.75,1870.57
,,1879.75,1876.39
,,1880,1882
,,1877.1,1879.27
,,1875,1878.32
,,1875,1877.37
,,1875,1876.42
,,1875,1875.42
,,1875,1875
,,1875,1875
,,1874.3,1874.86
,,1887.6,1877.38
,,1887.6,1879.9
,,1887.6,1882.42
,,1887.6,1884.94
,,1887.6,1887.6
,,1943.2,1898.72
,,1940.35,1909.27
,,1931.95,1918.14
,,1920.1,1924.64
,,1862.9,1919.7
,,1862.9,1903.64
,,1862.9,1888.15
,,1847.25,1871.21
,,1841.25,1855.44
,,1858.85,1854.63
,,1841.75,1850.4
,,1839,1845.62
,,1839,1843.97
,,1839,1843.52
,,1833.05,1838.36
,,1834.7,1836.95
,,1856.6,1840.47
,,1862.1,1845.09
,,1852.7,1847.83
,,1852.7,1851.76
,,1852.7,1855.36
,,1856.85,1855.41
,,1856.6,1854.31
,,1843,1852.37
,,1853.7,1852.57
,,1863.8,1854.79
,,1863.8,1856.18
,,1863.8,1857.62
,,1862.95,1861.61
,,1833.1,1857.49
,,1835.45,1851.82
,,1785.9,1836.24
,,1802.95,1824.07
,,1802.95,1812.07
,,1802.95,1806.04
,,1835.25,1806
,,1839.6,1816.74
,,1842.65,1824.68
,,1840.1,1832.11
,,1816.35,1834.79
,,1816.35,1831.01
,,1816.35,1826.36
,,1817.3,1821.29
,,1794.25,1812.12
,,1780.7,1804.99
,,1773.15,1796.35
,,1786.2,1790.32
,,1786.2,1784.1
,,1786.2,1782.49
,,1807.45,1787.84
,,1799.65,1793.14
,,1788,1793.5
,,1779.65,1792.19
,,1742.85,1783.52
,,1742.85,1770.6
,,1742.85,1759.24
,,1734.15,1748.47
,,1723.85,1737.31
,,1711.4,1731.02
,,1712.1,1724.87
,,1696.25,1715.55
,,1696.25,1707.97
,,1696.25,1702.45
,,1687.05,1697.58
,,1716.9,1698.54
,,1716.2,1702.53
,,1724.25,1708.13
,,1704.8,1709.84
,,1704.8,1713.39
,,1704.8,1710.97
,,1723.65,1712.46
,,1735,1714.61
,,1729.65,1719.58
,,1725.9,1723.8
,,1735.2,1729.88
,,1735.2,1732.19
,,1735.2,1732.23
,,1736.15,1733.53
,,1726.2,1733.59
,,1730.5,1732.65
,,1737.3,1733.07
,,1731.8,1732.39
,,1731.8,1731.52
,,1731.8,1732.64
,,1705.95,1727.73
,,1683.95,1717.06
,,1691.05,1708.91
,,1726.05,1707.76
,,1726.05,1706.61
,,1726.05,1710.63
,,1726.05,1719.05
,,1726.05,1726.05
,,1744.65,1729.77
,,1738.05,1732.17
,,1755.5,1738.06
,,1741.2,1741.09
,,1741.2,1744.12
,,1741.2,1743.43
,,1732.85,1742.39
,,1747.95,1740.88
,,1735.55,1739.75
,,1757.2,1742.95
,,1774.45,1749.6
,,1774.45,1757.92
,,1774.45,1763.22
,,1774.5,1771.01
,,1777.85,1775.14
,,1798.2,1779.89
,,1787.75,1782.55
,,1781.8,1784.02
,,1781.8,1785.48
,,1781.8,1786.27
,,1773.35,1781.3
,,1784.15,1780.58
,,1772.2,1778.66
,,1762.65,1774.83
,,1767.65,1772
,,1767.65,1770.86
,,1767.65,1767.56
,,1767.65,1766.65
,,1797.75,1773.67
,,1782.25,1776.59
,,1813.15,1785.69
,,1836.55,1799.47
,,1836.55,1813.25
,,1836.55,1821.01
,,1840.45,1832.65
,,1829.1,1835.84
,,1830.7,1834.67
,,1821.8,1831.72
,,1838.1,1832.03
,,1838.1,1831.56
,,1838.1,1833.36
,,1853.7,1837.96
,,1866.75,1846.95
,,1888.45,1857.02
,,1878.3,1865.06
,,1875.9,1872.62
,,1875.9,1877.06
,,1875.9,1878.89
,,1880.15,1877.23
,,1887,1878.97
,,1899.75,1883.74
,,1891.45,1886.85
,,1899.95,1891.66
,,1899.95,1895.62
,,1899.95,1898.21
,,1899.95,1898.25
,,1899.35,1899.83
,,1902.75,1900.39
,,1866.55,1893.71
,,1890.6,1891.84
,,1890.6,1889.97
,,1890.6,1888.22
,,1888.4,1885.35
,,1893.15,1890.67
,,1894.6,1891.47
,,1888.65,1891.08
,,1881.05,1889.17
,,1881.05,1887.7
,,1881.05,1885.28
,,1865.6,1879.48
,,1865.1,1874.77
,,1860.75,1870.71
,,1778.7,1850.24
,,1773.1,1828.65
,,1773.1,1810.15
,,1773.1,1791.75
,,1775.05,1774.61
,,1775.05,1773.88
,,1791.6,1777.58
,,1784.85,1779.93
,,1786.65,1782.64
,,1786.65,1784.96
,,1786.65,1787.28
,,1780.3,1785.02
,,1755.45,1779.14
,,1763.15,1774.44
,,1781.5,1773.41
,,1786.15,1773.31
,,1786.15,1774.48
,,1786.15,1780.62
,,1791.35,1786.26
,,1809.85,1791.93
,,1804.65,1795.63
,,1807.7,1799.94
,,1806,1803.91
,,1806,1806.84
,,1806,1806.07
,,1792.4,1803.62
,,1813.85,1804.85
,,1823.2,1808.29
,,1823.75,1811.84
,,1824.3,1815.5
,,1824.3,1821.88
,,1824.3,1823.97
,,1814.9,1822.31
,,1823.05,1822.17
,,1802.15,1817.74
,,1799.45,1812.77
,,1799.6,1807.83
,,1799.6,1804.77
,,1799.6,1800.08
,,1800.2,1799.69
,,1800.35,1799.87
,,1796.6,1799.27
,,1829.3,1805.21
,,1825.75,1810.44
,,1825.75,1815.55
,,1825.75,1820.63
,,1811.45,1823.6
,,1812.65,1820.27
,,1829.1,1820.94
,,1800.75,1815.94
,,1762.9,1803.37
,,1762.9,1793.66
,,1762.9,1783.71
,,1738.85,1765.66
,,1723.35,1750.18
,,1743.6,1746.32
,,1747.4,1743.22
,,1773.85,1745.41
,,1773.85,1752.41
,,1773.85,1762.51
,,1786.35,1771.06
,,1789.45,1779.47
,,1783.45,1781.39
,,1782.05,1783.03
,,1779.05,1784.07
,,1779.05,1782.61
,,1779.05,1780.53
,,1802,1784.24
,,1808.45,1789.52
,,1788.7,1791.45
,,1786.6,1792.96
,,1798.5,1796.85
,,1798.5,1796.15
,,1798.5,1794.16
,,1798.5,1796.12
,,1814.85,1801.77
,,1811.8,1804.43
,,1812.55,1807.24
,,1823.7,1812.28
,,1823.7,1817.32
,,1823.7,1819.09
,,1821.6,1821.05
,,1802.15,1818.97
,,1786,1811.43
,,1788.25,1804.34
,,1794.6,1798.52
