,outputs,gt,train_loss,error
0,0,621.65,0,0
1,0,609.67,0,0
2,0,610.92,0,0
3,0,608.82,0,0
4,0,610.38,0,0
5,-201.2167257,609.11,0,-4.027134041
6,-210.1508706,607.04,0,-3.888591412
7,-218.4467736,611.58,0,-3.799675133
8,-223.4922562,610.19,0,-3.730251197
9,-226.5316214,608.66,0,-3.686865508
10,75.19038395,598.88,2099795.5,6.964848276
11,648.3340078,597.42,195991.7188,-0.078530522
12,606.4359871,594.08,1021.228333,-0.020374759
13,602.2929932,603.88,222.3092804,0.002634942
14,601.2014078,601.74,135.4797821,0.00089586
15,599.5150551,598.98,64.11952209,-0.00089248
16,599.3019873,605.96,61.18550873,0.011109612
17,599.2519683,605.67,90.09874725,0.010710072
18,601.5868454,603.85,41.26088333,0.003761975
19,598.7099631,609.39,36.32774734,0.017838415
20,604.3662126,614.82,75.31874847,0.017297108
21,609.7699687,612.98,81.82756042,0.005264332
22,609.2254532,611.85,90.08811188,0.004308006
23,610.4051404,609.62,75.11697388,-0.001286261
24,614.8783407,607.18,24.31669998,-0.012520104
25,616.1525338,612.08,42.45329285,-0.00660962
26,610.3728164,617.21,33.35925293,0.011201651
27,611.6766857,614.74,58.87506104,0.005008061
28,612.2081278,615.65,66.78489685,0.005622062
29,613.2803935,617.54,65.20762634,0.00694561
30,613.5636138,614.77,22.1456871,0.001966196
31,619.9030935,635.01,10.94222736,0.024369787
32,619.2915936,635.96,320.3275757,0.02691528
33,623.4346504,634.02,492.842865,0.016979084
34,627.3336966,637.94,464.3531189,0.016906956
35,630.6387095,641.42,387.4607849,0.017095827
36,652.644946,638.97,59.88759613,-0.020953117
37,638.9410391,636.29,117.0811157,-0.004149114
38,637.5212255,629.25,37.07993698,-0.012974039
39,638.5835238,627.72,96.16381836,-0.017011907
40,638.3174113,631.92,162.4160614,-0.010022304
41,633.3099879,655.48,108.8515015,0.035006573
42,635.7415948,653.25,566.3150024,0.027540129
43,639.2117251,651.39,823.8590088,0.019052021
44,643.703557,655.31,756.3495483,0.018030727
45,646.6246387,651.45,445.7263794,0.007462384
46,668.8965769,682.22,57.98761749,0.01991851
47,658.4548219,687.68,791.5330811,0.044384485
48,665.3580386,685.91,1410.869507,0.030888575
49,673.0255358,698,1393.207764,0.037107751
50,681.1837478,702,1359.886963,0.030558938
51,717.9398279,697.01,382.8511353,-0.029152621
52,698.7440503,733.33,420.0568237,0.049497308
53,703.0750218,686.17,1384.900024,-0.024044407
54,714.0429347,683.69,1420.773682,-0.042508557
55,703.9876842,704.79,1808.891968,0.001139673
56,699.8437743,712,1763.30603,0.017369913
57,733.0477824,709.96,1864.831421,-0.031495604
58,697.914353,708.97,1296.760986,0.01584098
59,704.6707195,720.93,605.0986938,0.023073586
60,711.5909981,721.5,175.1190948,0.013925137
61,714.7868019,715.45,174.9360504,0.000927826
62,696.1283379,703.71,161.8558197,0.010891184
63,715.4738464,702.28,427.03302,-0.018440711
64,720.4843857,706.46,399.0783386,-0.019465218
65,709.2575364,710.91,352.3084106,0.00232985
66,707.7307388,711.73,141.3999634,0.005650823
67,707.4949007,736.96,88.8584137,0.041647084
68,714.2433783,747.52,839.8681641,0.046590032
69,723.3369049,748.98,1565.01709,0.035451108
70,726.2840128,729.06,1652.341553,0.003822179
71,731.8939471,738.53,1146.525879,0.00906696
72,764.3637584,736.97,381.0679016,-0.035838641
73,748.4510547,741.63,494.9754944,-0.009113561
74,739.9679615,737.45,267.6272888,-0.003402798
75,737.1935972,735.64,100.9858551,-0.002107448
76,737.9766745,733.67,24.76594353,-0.005835787
77,737.0705173,727.96,40.66864777,-0.012360442
78,735.1911941,727.31,117.2575302,-0.010719925
79,725.7969806,732.71,102.4412003,0.009524729
80,731.0304508,742.69,76.80374908,0.015949471
81,732.7853289,742.05,190.9148865,0.01264309
82,734.8633426,772.43,273.4559937,0.051120603
83,739.0084086,764.33,1440.380615,0.034264281
84,748.6163498,762.97,1392.33374,0.019173573
85,763.4992205,754.63,949.7353516,-0.011616542
86,759.3994934,756.62,644.5640869,-0.00366012
87,789.6533437,758.99,282.7522583,-0.038831399
88,761.0740322,769.72,402.7677917,0.011360219
89,760.3287299,770.02,176.7276001,0.012746158
90,762.2930903,769.08,264.8045654,0.008903281
91,765.4614996,777,212.7636719,0.015073913
92,761.5766057,777,197.9093323,0.020251928
93,777.5571854,777.99,141.3385315,0.000556634
94,775.0775682,774.89,94.66381073,-0.000241999
95,775.8009931,776.75,66.50996399,0.001223261
96,783.4943526,775.88,11.49457836,-0.009718452
97,776.0983822,788.7,22.47165489,0.01623714
98,779.7058402,788.4,159.2598419,0.011150564
99,781.6337949,788.67,248.452179,0.00900192
100,784.9045846,793.09,235.395752,0.010428548
101,787.9912782,824.21,205.0624237,0.045963354
102,807.6739806,834.97,1220.053955,0.033795838
103,807.2412049,901.31,2471.652344,0.116531211
104,827.395317,891.61,9822.445313,0.077610644
105,855.0895154,892.6,9893.220703,0.043867319
106,904.4361591,897.33,6056.49707,-0.007857005
107,893.6345032,930.37,3490.331299,0.041107966
108,970.5301655,930.34,1268.406738,-0.041410527
109,908.0390332,963.38,3295.189941,0.060945581
110,923.4264859,952.15,3805.021484,0.031105361
111,935.8671651,958.12,2932.280273,0.023777771
112,976.7630127,997.72,1187.316284,0.02145555
113,959.9822976,1015.97,2694.378174,0.058321599
114,1010.977381,1013.42,3682.495605,0.002416096
115,988.5112837,1126.76,4472.234375,0.139855476
116,1025.44472,994.67,17519.24023,-0.030011096
117,1068.577099,999.65,13373.53418,-0.064503627
118,1048.696415,896.83,13580.90332,-0.144814469
119,1007.609779,908.14,29561.53125,-0.098718552
120,1090.045447,910.49,36195.64844,-0.1647229
121,949.2710312,906.05,19806.20117,-0.04553076
122,927.4916054,785.22,7989.394531,-0.153393955
123,886.9846445,780.92,13133.34668,-0.119578896
124,862.1547385,826.29,20007.00391,-0.041598958
125,754.3529378,817.91,16903.50391,0.084253748
126,829.8724056,819.55,13080.50684,-0.012438545
127,737.7492471,830.5,2385.152588,0.125721244
128,820.2518091,903.84,4239.078125,0.101905525
129,840.6746447,906.6,5503.291504,0.078419583
130,852.6471915,895.798875,8520.958984,0.050609072
131,797.9560385,893.6210875,7480.129883,0.119887618
132,895.7817959,895.64,8036.424805,-0.000158293
133,976.6647724,918.603625,196.6092834,-0.059448389
134,899.2943664,922.0736125,3289.19873,0.025330133
135,905.4253069,919.97,796.7147827,0.016063935
136,910.3068448,893.045625,807.4331665,-0.01896198
137,909.6982737,915.95625,843.3652344,0.006879178
138,925.5947253,915.05,598.5658569,-0.011392378
139,915.994717,920.31225,626.2186279,0.004713491
140,912.9499952,915.933,535.7108154,0.003267435
141,912.1896254,912.19,484.6259766,4.10662E-07
142,915.7150812,964.706075,42.54030991,0.053500259
143,925.5859838,979.703875,2054.506348,0.058468789
144,936.8014149,983.42,4134.944336,0.049763572
145,951.3342293,1013.027,5054.885254,0.064848682
146,970.1427626,1030.999413,5789.435059,0.062729582
147,1039.955263,1034.07,3235.814941,-0.00565915
148,1025.601899,1024.01375,3346.401123,-0.001548504
149,1021.598836,1050.11,1831.289063,0.027908375
150,1059.882842,1052.84,813.25,-0.006644925
151,1057.85333,976.103,902.1819458,-0.077279456
152,1033.261968,999.1035,4497.979492,-0.033058865
153,1020.99092,997.59,4714.528809,-0.022919812
154,1029.899712,1000.604625,5051.362305,-0.028444602
155,1008.706853,999.877375,3662.074219,-0.008753265
156,995.1889813,1001.2,615.381958,0.006040078
157,999.5550387,1012.325988,12.68429375,0.012776634
158,1002.098339,1035.208125,146.7126312,0.033040456
159,1009.474274,1035.2,997.956543,0.025484281
160,968.1061677,1056.637138,1339.314453,0.091447584
161,1026.265914,1052.779286,3615.353027,0.025834798
162,1050.060879,1050.87,1373.901245,0.000770547
163,1070.153621,1123.788429,472.3134155,0.050118793
164,1063.536939,1123.223188,5081.654297,0.056120523
165,1103.896502,1130.01,6472.434082,0.023655748
166,1098.070808,1174.86625,7159.476563,0.069936694
167,1121.401296,1150.605714,8483.689453,0.026042789
168,1212.748858,1150.37,2328.960693,-0.051435924
169,1145.564093,1190.75195,3939.441895,0.039445944
170,1165.995418,1187.565286,2444.586426,0.018499102
171,1216.767996,1190.89,1691.830322,-0.021267814
172,1172.562447,1259.410817,2954.482422,0.07406716
173,1197.830043,1285.14,6808.887695,0.072890104
174,1241.303006,1287,9476.944336,0.03681373
175,1244.688482,1270.9333,10689.44141,0.021085451
176,1262.122876,1275.197375,6850.42334,0.010359134
177,1349.088937,1279.5,736.5710449,-0.051582172
178,1300.174511,1157.3933,2390.339111,-0.109816959
179,1253.52493,1192.469143,13459,-0.048707278
180,1232.89691,1192.09,13915.15332,-0.033098396
181,1216.624552,1179.159875,13017.48242,-0.030793951
182,1198.876347,1227.494625,9228.541992,0.023870917
183,1188.454366,1227.68,3029.603271,0.033005587
184,1196.886562,1245.370786,2220.265869,0.040508621
185,1214.759827,1257.399625,3385.958984,0.035101423
186,1228.21816,1257,3814.850342,0.023433817
187,1194.851535,1091.171888,1054.787231,-0.086771992
188,1216.948291,952.2323625,21775.8125,-0.217524385
189,1180.358046,967.69,78563.29688,-0.180172488
190,1115.418003,1049.084488,92234.45313,-0.059469647
191,1065.066679,1118.630043,61186.89844,0.05029109
192,1038.915097,1113,22767.04297,0.071309873
193,1041.134723,1038.789,24739.65039,-0.002253044
194,1056.803938,941.9197143,15193.77148,-0.108709118
195,1051.022856,927.93,20058.17383,-0.117117202
196,921.6518452,956.7863125,31841.23047,0.038121192
197,1003.497742,1037.22925,28562.11328,0.033613935
198,980.6711032,1041.04,11286.73242,0.06155876
199,980.4036009,1040.5755,11213.92773,0.061374621
200,1000.641696,1037.90455,11272.31836,0.037238958
201,1017.441188,1034.74,5444.803711,0.017002272
202,972.599365,1086.929571,259.0632935,0.117551183
203,1054.630782,1099.169125,5333.032227,0.042231218
204,1060.030073,1079.99,3597.510498,0.018829586
205,1067.912885,1141.600363,3314.321777,0.069001394
206,1088.393503,1133.079314,5963.580566,0.041056668
207,1154.932632,1133.53,3142.553467,-0.018531498
208,1128.740705,1190.45425,3650.749512,0.054674688
209,1134.606315,1181.149838,6093.812988,0.041021738
210,1198.079062,1184.03,3149.273438,-0.011726323
211,1164.869718,1207.744875,3900.192139,0.036806826
212,1177.774392,1226.617038,3114.661621,0.04147029
213,1245.924972,1219.09,1600.11084,-0.021538193
214,1205.853651,1180.023713,2644.383301,-0.021420458
215,1203.264161,1185.260057,1744.976318,-0.014962719
216,1220.184118,1170.36,1691.324463,-0.040833279
217,1215.92596,1186.927413,2717.377197,-0.023848941
218,1190.600157,1205.634875,1672.087646,0.012627848
219,1185.698943,1176.97,696.8528442,-0.007361854
220,1185.477047,1217.930088,708.0255737,0.027375512
221,1190.715966,1241.686325,1613.930786,0.04280648
222,1197.300675,1236.63,2710.30542,0.032848327
223,1202.223769,1261.311225,2842.596924,0.049148468
224,1225.29589,1257.988113,4342.838867,0.026681084
225,1255.041996,1240.84,1370.963867,-0.011315953
226,1272.246748,1279.414688,563.928772,0.00563408
227,1255.097976,1309.109875,1347.985718,0.04303401
228,1288.707176,1288.02,2797.579102,-0.000533229
229,1275.737722,1331.294429,2966.295166,0.04354869
230,1290.304902,1334.979038,4740.913574,0.03462293
231,1327.965002,1333,2654.537109,0.003791514
232,1349.21616,1417.172813,1777.115479,0.050367506
233,1340.113761,1452.076288,9114.048828,0.083547032
234,1398.750525,1447.55,13563.10449,0.034887905
235,1402.57357,1508.292125,14143.13574,0.075374695
236,1434.368849,1533.335071,16928.15039,0.068996355
237,1562.386049,1518.75,9665.477539,-0.027929108
238,1523.935013,1535.868429,9171.34082,0.00783066
239,1508.137471,1640.619225,5348.779785,0.087844614
240,1606.626963,1651.1,12151.92383,0.027680998
241,1599.056249,1762.88625,17188.60742,0.102454183
242,1623.560962,1820.990563,38800.80078,0.121602826
243,1687.834758,1829,49415.23438,0.083636885
244,1859.104065,1771.920013,31792.78516,-0.046895735
245,1769.634772,1776.3165,23776.69336,0.003775767
246,1907.400901,1780,5174.967773,-0.066792933
247,1840.167793,1739.031975,7730.255371,-0.054960107
248,1783.956181,1807.485063,5771.308594,0.013189159
249,1772.93381,1783.98,2428.785645,0.006230458
250,1776.976374,1961.520488,2407.24585,0.10385288
251,1815.553529,2052.909788,28811.56836,0.130734927
252,1867.160274,2008.84,65540.52344,0.075879788
253,1904.107663,2090.662313,50776.80859,0.097974844
254,1977.265642,2287.710288,54660.61328,0.15700705
255,2249.318873,2256.32,61764.58594,0.003112554
256,2199.899142,2387.206286,55093.69922,0.085143514
257,2163.348105,2211.976857,80074.13281,0.022478468
258,2271.808556,2279.82,50772.13281,0.003526461
259,2481.675861,2192.9808,17369.62891,-0.116330688
260,2248.592323,2275.9307,35584.25781,0.012157996
261,2360.821015,2290.02,24699.48047,-0.029989997
262,2236.122716,2285.933914,10620.4707,0.0222757
263,2266.054684,2399.242671,5451.773926,0.058775275
264,2276.370607,2409.93,18353.3418,0.058672078
265,2328.148142,2525.765158,14702.46289,0.084881633
266,2292.230706,2516.173143,33301.85156,0.097696291
267,2423.608761,2529.53,41651.14063,0.043703935
268,2580.740752,2883.313697,15060.06836,0.117242673
269,2560.655699,2664.920863,106806.7031,0.04071815
270,2702.819641,2683.03,75546.67188,-0.00732185
271,2589.66164,2827.4913,64647.40625,0.091838121
272,2678.194582,2845.372857,93018.53125,0.062422005
273,3139.900418,2898.63,35019.15625,-0.07684015
274,2732.682153,2657.675063,50923.60156,-0.027448158
275,2728.728368,2748.185086,38396.30469,0.007130324
276,2798.193731,2706,28043.37891,-0.032947587
277,2793.958097,2442.48025,24367.82422,-0.125799255
278,2767.136891,2464.959814,79827.48438,-0.10920207
279,2611.486945,2477.94,74271.76563,-0.051138278
280,2593.954062,2507.389252,56552.01172,-0.033371759
281,2558.996797,2617.210263,35966.53125,0.02274855
282,2475.941244,2600,18227.53516,0.050105695
283,2410.193607,2671.04325,13483.75,0.108227672
284,2574.566112,2727.288013,30476.18164,0.059319471
285,2586.861888,2713.48,24707.19727,0.048946607
286,2597.930271,2589.164888,13353.64844,-0.003373987
287,2661.970366,2512.366286,15744.40625,-0.056200505
288,2694.68953,2502.03,18195.52734,-0.071496003
289,2671.544804,2517.903114,28769.44727,-0.05751043
290,2586.808792,2585.349186,24158.63477,-0.00056425
291,2537.312654,2558.3,4868.933594,0.008271486
292,2519.178055,2477.641375,2953.991211,-0.016488188
293,2521.554831,2501.191343,3864.058594,-0.008075766
294,2521.392105,2421.26,3466.273926,-0.039713024
295,2437.766733,2561.225429,9395.138672,0.050644179
296,2514.449335,2599.729838,14819.75293,0.033916175
297,2498.617684,2598.89,10491.24512,0.040131116
298,2528.21606,2609.96775,10773.61914,0.032335721
299,2529.3379,2491.201214,15419.12012,-0.015077735
300,2560.349984,2502.86,5588.214844,-0.022453955
301,2609.199715,2536.238938,7191.723633,-0.027962895
302,2562.875319,2366.170143,6661.28418,-0.076751754
303,2531.816292,2327.09,26341.96289,-0.080861432
304,2454.080794,2385.748571,23613.80078,-0.027844325
305,2445.067444,2354.783417,18983.50195,-0.036924964
306,2440.641274,2338.49,21078.87109,-0.041854276
307,2354.919785,2058.9956,9394.806641,-0.125662108
308,2253.783146,1931.2143,38554.46875,-0.143123284
309,2288.76426,1910.96,71928.47656,-0.165069102
310,2182.293328,2320.12225,104208.6953,0.063157835
311,2097.595289,2264.7657,55530.36328,0.079696218
312,2037.786678,2265.21,34455.98438,0.111603106
313,2016.985983,2682.195363,57101.58203,0.32980367
314,2150.542544,2807.609857,240710.5,0.305535603
315,2480.787442,2825.51,221743.0469,0.13895691
316,2574.70437,2751.821029,190332.1094,0.068791066
317,2580.577549,2560.997917,117591.4844,-0.007587306
318,3099.802166,2564.3,25429.05859,-0.172753659
319,2778.167072,2647.625,165222.375,-0.046988561
320,2752.15548,2781.636583,129879.0391,0.010712005
321,2684.791251,2784.8,20654.1582,0.037250103
322,2629.188516,2745.955417,15235.97168,0.044411764
323,2655.605693,2866.431667,13695.18262,0.079389035
324,2739.060992,2862.9,24618.68164,0.045212213
325,2783.470206,2693.633983,11030.93066,-0.0322749
326,2807.701942,2794.117717,15374.93164,-0.0048382
327,2785.508813,2790,13914.9043,0.00161234
328,2881.429085,3218.115017,11609.5127,0.116846857
329,2882.205098,3252.562533,81881.16406,0.128497946
330,2870.771639,3210.2,102799.4609,0.118235932
331,2974.194551,3457.374333,85289.78906,0.162457356
332,3098.132765,3357.326317,188139.4688,0.083661215
333,3722.530613,3340.28,70408.82813,-0.102685687
334,3191.512356,3632.506667,74912.8125,0.138177222
335,3366.878994,3852.802914,211508.2969,0.144324735
336,3697.29115,3868.52,96575.91406,0.046311974
337,3571.20093,4282.992,137181.2813,0.199314204
338,3689.517567,4217.028329,289059.1875,0.142975539
339,4093.199583,4179.97,184927.1094,0.021198677
340,4358.38104,4328.725717,95031.82031,-0.006804206
341,4124.512814,4130.440067,127949.4219,0.00143708
342,4638.714144,4104.71,123876.1719,-0.115119002
343,4183.387415,4157.958033,143068.9844,-0.006078658
344,4168.271152,4043.722,54035.11719,-0.02988029
345,4225.466801,3986.28,40921.90234,-0.056606006
346,4079.974523,4174.95,20969.75,0.023278448
347,4075.707002,4340.316717,13558.14355,0.064923635
348,4148.089215,4331.77,25555.01172,0.044280818
349,4146.677631,4360.513317,36267.89063,0.051567955
350,4038.869249,4354.308333,53322.61328,0.078100841
351,4307.844637,4339.05,62829.45703,0.007243846
352,4522.95245,4607.98545,6498.588379,0.01880033
353,4408.169012,4594.98785,38097.68359,0.042380144
354,4440.197502,4582.52,29672.20898,0.032053191
355,4455.895355,4911.740017,25842.04688,0.102301474
356,4531.999196,4580.38748,122158.0391,0.010677028
357,4888.335779,4585.57,57043.8125,-0.061936371
358,4677.386315,4344.098317,60751.36328,-0.071255179
359,4596.585974,4488.72014,90187.57813,-0.023466511
360,4938.636914,4385.02,98850.78906,-0.112099132
361,4519.387208,4654.6585,145767.9219,0.029931335
362,4489.526894,4310.750183,40329.1875,-0.039820835
363,4368.285732,4312.26,48562.11719,-0.012825565
364,4478.077244,4329.955,42872.46094,-0.033077197
365,4211.964807,4248.090017,38086.24219,0.008576807
366,4541.852158,4198.59,73889.33594,-0.075577572
367,4264.126563,3961.271267,33233.89453,-0.071023993
368,4214.038508,3319.63,55528.07422,-0.212244977
369,4122.03576,3216.43,310661.5625,-0.219698667
370,3927.467872,3763.62604,438863.5,-0.041716912
371,3705.197344,3746.060783,195582.5313,0.011028681
372,3704.818991,3678.53,120424.8359,-0.007095891
373,3303.974373,3943.413333,80773.86719,0.193536295
374,3331.917265,3977.561667,172987.2969,0.193775641
375,3798.349786,3894.48,127799.9844,0.025308415
376,3724.994854,3637.50255,94564.78906,-0.023487899
377,3685.874687,3776.3869,97454.15625,0.024556509
378,4001.350697,3777.62,88202.5,-0.055913794
379,3905.124939,3942.555,79868.40625,0.009584856
380,3847.528917,3910.307383,23830.71094,0.016316568
381,3743.951005,3881,21834.43359,0.036605446
382,3810.604239,4201.98905,9302.304688,0.102709383
383,3895.659948,4193.574667,81147.08594,0.076473492
384,3996.4547,4164.27,52017.83203,0.041991043
385,4043.31027,4360.722967,49299.68359,0.078503176
386,4077.522192,4386.88375,88180.875,0.075869987
387,4454.906332,4394.07,32443.58984,-0.013656029
388,4312.539449,4225.175,85121.67188,-0.020258238
389,4278.841818,4338.852,20750.28125,0.014024866
390,4471.605781,4318.58,14614.22656,-0.034221662
391,4390.648036,4376.191667,25451.5332,-0.003292536
392,4368.057486,4602.280883,8221.18457,0.053621867
393,4301.853165,4605.66,35688.97656,0.070622316
394,4403.017614,4782.28,27141.47461,0.086136922
395,4473.850354,4819.485767,78356.1875,0.077256811
396,4566.720471,4822.17,87022.03906,0.055937194
397,4884.54285,5563.806567,46332.72656,0.139063928
398,4872.478643,5739.438733,284274.6875,0.177929993
399,5219.320998,5825.99,335912.625,0.116235235
400,5236.556023,5711.205867,303862.1563,0.090641605
401,5321.063354,5603.71294,437514.5625,0.053119004
402,6534.030231,5594.66,140610.5781,-0.143765823
403,5575.290455,5727.6335,355477.3125,0.027324683
404,5852.584494,5979.45984,640236.125,0.021678516
405,5735.688375,5986.44,54362.16406,0.043717791
406,5742.74184,5983.18455,66712.14844,0.041868974
407,5791.672652,5876.079867,69549.26563,0.014573892
408,5867.231061,5900.59,31651.08984,0.005685636
409,6078.867337,5669.622533,6869.025879,-0.067322542
410,5916.820864,5893.138417,79079.80469,-0.004002563
411,5898.561333,5889.82,35053.19141,-0.001481943
412,5852.844532,5776.69695,29194.375,-0.013010355
413,5837.449193,6155.43402,34339.17969,0.05447325
414,5828.64788,6136.49,110234.8281,0.052815357
415,5944.35161,6388.645167,63976.13281,0.07474214
416,5981.181079,6665.306683,143979.6719,0.114379684
417,6126.56296,6751.98,315942.75,0.102082855
418,6568.691478,7197.72006,192470.9531,0.095761627
419,6561.640539,7437.543317,473943.0625,0.133488382
420,7006.797585,7365.99,425713.9063,0.051263421
421,7285.875766,6989.071667,211053.125,-0.040736915
422,7186.117407,7092.127233,101437.1328,-0.01307941
423,7651.372818,7128.64,158139.2031,-0.068318827
424,7539.158578,7158.03706,202905.0469,-0.050552262
425,7220.951787,6719.39785,147589,-0.069458148
426,6913.532997,6569.22,101889.8203,-0.049802756
427,6944.062573,5716.301583,113635.4766,-0.176807305
428,6878.938691,6550.227533,564030.6875,-0.047785156
429,6767.773015,6493.63,405666.4063,-0.040507123
430,6350.739357,7301.42992,297176.9688,0.149697619
431,6459.021568,7815.0307,343769,0.209940332
432,6044.321118,7868.77,943912.6875,0.301845128
433,6961.112346,7817.140383,1250474,0.122972881
434,6925.905936,8007.654067,1098681.625,0.156188684
435,8297.889452,8049.72,834953.125,-0.029907539
436,8521.586715,8059.8,348114.1875,-0.054190227
437,8133.184866,8268.035,215016.0781,0.016580237
438,8024.618156,8236.72,104108.1484,0.026431394
439,8216.973222,8250.978333,51581.17969,0.004138399
440,8194.336948,8707.407267,27099.13086,0.062612792
441,8266.555004,8768.8,166777.2344,0.060756264
442,8586.954354,9718.29505,125266.2266,0.131751102
443,8637.314945,9952.50882,727646.5,0.152268834
444,8832.887903,9919,829211,0.122962287
445,9627.33293,10147.372,698840.9375,0.05401694
446,9557.074287,10883.912,672670,0.138833044
447,11037.97453,10879.88,1043358.813,-0.014322785
448,10312.80905,11332.622,373819.6875,0.098887989
449,10505.80943,11584.83,1572573.125,0.102707039
450,10923.268,11591.22,802452.5,0.061149466
451,11848.93816,13540.98,249271.8281,0.142801137
452,11724.74885,16501.97167,2527682.25,0.407447773
453,12808.98494,16860.88,7197009,0.316332253
454,13509.10103,15142.83415,7021224,0.120935739
455,13812.19651,14869.805,5802307,0.076570623
456,17614.8866,15068.95,4772171.5,-0.144533238
457,-8937.488789,17276.39333,4502232.5,-2.933025455
458,16317.44831,16808.36667,36711268,0.030085486
459,15793.64114,16252.31,2027117.625,0.029041363
460,15675.04767,17771.9,1676347.625,0.133770077
461,16195.58763,19498.68333,3849387.5,0.203950346
462,17906.3606,19279.9,3703623.25,0.076706788
463,17893.39189,18961.85667,3623377.25,0.059712814
464,17737.23599,17737.11167,2977237,-7.00883E-06
465,18686.08484,17382.94,889384.875,-0.069738784
466,20514.9823,16047.51,1223293.25,-0.217766325
467,18637.47164,15190.945,8186758.5,-0.184924581
468,17674.54055,13776.61,5353671,-0.220539286
469,16411.67506,13949.175,5820716,-0.150045626
470,15798.80691,14119.02833,4166503.25,-0.106323129
471,14767.27469,13740.94,2167879.5,-0.069500616
472,14104.42714,15589.32167,1420793.75,0.105278613
473,13188.21244,14380.58167,1396770.875,0.090411739
474,13873.73522,14214.01,1361668.25,0.024526544
475,13596.76127,13215.574,1070291,-0.028035152
476,13630.92404,14165.575,1628465.25,0.039223384
477,15195.71295,13796,1414199.125,-0.092112358
478,14204.57122,15005.85667,1019827.688,0.056410394
479,14046.34308,15053.26167,694096.125,0.071685462
480,13594.52155,15039.24,876181.6875,0.106272107
481,14423.68863,17174.12,649247.25,0.190688487
482,14038.10538,17319.198,4058257.5,0.233727595
483,16191.99344,17155.95,5639410,0.059532915
484,16115.01219,15265.90667,2424290.25,-0.052690343
485,15970.23644,14714.25333,1083682.75,-0.078645242
486,18449.20097,14437.42,1039805.5,-0.21745012
487,16741.58878,13296.794,8805399,-0.205762716
488,15873.06136,13912.882,5009324.5,-0.123490946
489,14336.65559,13791.19,1858814.625,-0.03804692
490,13923.04004,13852.92,1151913.125,-0.005036259
491,13869.23839,14012.196,774030.9375,0.010307532
492,13354.84845,13554.14,493073.25,0.014922786
493,12797.64563,11116.94667,160069.1094,-0.131328762
494,13219.07184,11345.42333,2661278.25,-0.14173828
495,13110.09795,11174.82,1432627.125,-0.147617353
496,12790.4499,12950.79333,1981825.625,0.012536184
497,12660.78551,11505.228,1156567.75,-0.091270601
498,10857.55924,11513.42,1021898.313,0.060405911
499,11080.45278,11223.064,785491.9375,0.012870523
500,11403.6253,11282.25833,785915.6875,-0.010642841
501,12439.55243,11392.03,591861.1875,-0.084209013
502,11203.11611,10969.815,217321.7813,-0.020824662
503,11199.80763,11524.77667,324261.375,0.029015591
504,11042.44328,11431.37,143440.4688,0.035221075
505,11311.44223,11212.655,119179.5781,-0.008733389
506,10644.2609,10184.06167,130646.2344,-0.043234493
507,11034.30943,10082.52,1250030.5,-0.086257272
508,11160.68687,9083.258333,378411.7188,-0.186138054
509,10904.68722,8901.901667,1327672,-0.183662815
510,10472.82588,8852.73,1473133.75,-0.154695199
511,9524.38204,8400.648333,939263,-0.117984947
512,9299.401408,6838.816667,1067440.375,-0.264596035
513,8486.221171,6925.46,1930733.25,-0.183917098
514,8157.744286,8099.958333,1366313.875,-0.00708357
515,7789.567997,8240.536667,776966.3125,0.057893926
516,7863.862539,8245.08,547733.125,0.048477127
517,6587.331385,8319.876566,404583.0938,0.263011693
518,7106.389171,8343.455,1369396,0.174077974
519,8176.304982,8068.02,472731.1875,-0.013243755
520,8245.633759,8597.7675,257590.0469,0.042705479
521,8334.832691,9334.633333,533773.75,0.119954494
522,8497.706888,9471.64,507555.5625,0.114611286
523,8599.587944,10127.16167,263506.125,0.177633363
524,8628.322439,10841.99167,1049995.125,0.256558473
525,9338.811089,11085.83,1703610.75,0.187070805
526,10587.79433,11110.965,1253604.75,0.049412621
527,10513.54386,11390.39167,1367713,0.083401736
528,11294.85227,11245.98,624601.625,-0.004326951
529,11842.59001,9931.071667,277396.6875,-0.161410497
530,11413.52292,10162.11667,1247847.25,-0.109642418
531,11001.86594,10171.3,675742.4375,-0.075493188
532,11112.22779,9696.593333,685430.0625,-0.127394298
533,10670.6377,10348.60333,1143286.75,-0.030179487
534,9765.027341,10319.46,274300.1875,0.056777379
535,9923.041275,10370.165,200016.5469,0.045059142
536,10160.5493,11009.38167,226429.5781,0.083541976
537,10009.574,10931.12,545455.625,0.092066456
538,9998.391962,11326.94833,277619.8438,0.132877004
539,10696.49766,11430.18167,1232287.375,0.068591051
540,10845.23203,11516.83,431743.25,0.061925644
541,11659.95135,10763.19833,164291.5781,-0.076908813
542,11237.47922,10118.058,466147.9375,-0.099614976
543,11442.36726,9920.46,388316.1875,-0.133006328
544,11161.20827,9089.278333,749564.0625,-0.185636706
545,10903.45986,8746.002,1670888.875,-0.197869106
546,10050.24514,8777.37,1549715.75,-0.126651154
547,9444.51381,9182.843333,955881.125,-0.027706082
548,9290.674088,9154.7,576695.9375,-0.014635546
549,8896.073456,9153.54,347223.2188,0.028941594
550,8410.110609,8358.121667,211481.75,-0.006181719
551,8464.369628,8530.402,214406.9531,0.007801216
552,8924.327216,8297.89,225398.5781,-0.070194335
553,8535.465706,8171.415,188514.0469,-0.042651534
554,8806.09968,8412.033333,490524.0625,-0.044749249
555,8259.706438,8605.64,99598.23438,0.041882065
556,8345.462597,8947.753333,55539.83203,0.072169844
557,8348.52455,8690.408333,116574.4141,0.040951402
558,8390.289102,8725.37,111336.1406,0.039936752
559,8204.937389,8662.378333,92471.0625,0.055751912
560,8793.265517,8617.296667,410338.9688,-0.020011775
561,9118.564971,8457.96,34440.30469,-0.072446155
562,8680.201122,7876.195,170338.8281,-0.092625287
563,8546.430284,7960.38,229134.6563,-0.068572523
564,8420.229499,7950.61,154524.4688,-0.055772767
565,8329.634201,6882.531667,148294.0156,-0.173729422
566,7933.493555,6935.48,792699.375,-0.125797487
567,7552.252265,6937.56,320814.4375,-0.081391914
568,7458.881555,7035.848333,364158,-0.056715369
569,7446.566621,7410.435,365681.2813,-0.004852118
570,6751.727019,7426.48,167916.625,0.099937835
571,6649.745855,6826.51,98901.99219,0.02658209
572,6996.082688,6603.876667,128539.8281,-0.056060804
573,7089.49223,6634.68,73126.14844,-0.064153005
574,6961.742239,7017.656667,72000.92188,0.008031672
575,7245.603234,6699.273333,201780.1406,-0.075401576
576,6728.627816,6784.41,92031.38281,0.008290276
577,6531.118837,6926.266667,47939.22266,0.060502318
578,6649.209724,7847.845,74652.79688,0.180267329
579,7116.540314,7941.46,309122.5938,0.115915831
580,6838.312052,8036.511051,360311.8438,0.175218532
581,7147.89059,8340.748333,732465.375,0.166882485
582,7393.863047,8368.1,707582,0.131762916
583,8843.2378,7895.416926,336597.4063,-0.107180299
584,8437.543707,8164.937426,689972.875,-0.032308725
585,8296.387495,8175.96,251630.4063,-0.014515655
586,8494.03547,8852.718333,183446.6094,0.042227615
587,8423.622535,8807.205,153675.6875,0.045536521
588,8117.845428,8930.6,123069.8984,0.100119493
589,8331.041431,8933.861667,177304.4219,0.072358329
590,8521.309126,9555.542,234739.4063,0.121370186
591,9472.329322,9658.11,318947.25,0.019612988
592,9200.116342,9258.398333,227534.3281,0.006334919
593,9280.147412,9010.32,152606.0313,-0.029075768
594,9154.38753,8928.55,99777.69531,-0.024669868
595,9942.094201,9334.281667,114902.5,-0.061135262
596,9625.368645,9259.57,272852.4375,-0.038003598
597,9184.262283,9239.55,50401.08984,0.006019832
598,8939.448428,9221.426,24702.04883,0.031543062
599,8984.279167,9639.268333,37314.43359,0.07290392
600,9400.703178,9753.35,93281.20313,0.037512813
601,9256.962439,9803.306667,102987.5547,0.059019817
602,9456.571723,9630.136277,206048.0938,0.018353856
603,9433.453582,9631.44,63521.14844,0.020987692
604,9935.282274,9228.608333,31962.92578,-0.071127717
605,9833.253146,9322.041667,130422.8594,-0.051988032
606,9721.033433,9310.37,111747.3359,-0.042244833
607,9475.750578,8468.788,105395.875,-0.106267316
608,9326.960421,8484.346667,462477.1875,-0.090341732
609,8974.070468,8463.52,267727.0625,-0.056891738
610,8955.541598,8652.038333,277258.375,-0.033889996
611,8832.65543,8511.458,275085.375,-0.036364764
612,8367.158068,8471.06,101148.7578,0.012417828
613,8194.695633,8106.118333,70839.5625,-0.010809102
614,8390.771041,8240.055,49140.44531,-0.017962121
615,8533.209783,8239.08,53729.72656,-0.034468833
616,8057.707398,8507.406667,45634.38672,0.055809829
617,8360.586716,8385.556187,194496.1719,0.002986569
618,8143.87805,8396.63,23358.91797,0.031035822
619,8256.732138,7555.74,24657.80078,-0.084899465
620,8145.986987,7566.193333,165807.6406,-0.071175372
621,8344.877685,7576.78,163399.2656,-0.092044211
622,8143.432688,7342.908333,223917,-0.09830306
623,8012.656517,7361.831667,422733.8125,-0.081224604
624,7401.260422,7344.56,226085.1719,-0.007660914
625,7382.422365,7459.876667,114904.6094,0.010491719
626,7380.282396,7385.395,84384.44531,0.000692738
627,7359.550589,7386.72,38785.83594,0.003691721
628,6893.158648,7535.146667,21792.10156,0.093134084
629,7354.483171,7645.146667,349708.3125,0.039521947
630,7476.870276,7637.14,24592.83398,0.021435403
631,7403.612637,7500.273333,23454.57422,0.013055882
632,7483.031709,7615.722142,27583.74414,0.017732176
633,7623.258551,7619.43,13813.77148,-0.00050222
634,7720.403067,7676.271667,7521.158691,-0.005716204
635,7646.168133,7620.153333,12203.6123,-0.003402332
636,7570.507812,7615.54,6105.126465,0.005948371
637,7615.726925,6776.888333,2435.824463,-0.110145571
638,7538.459855,6875.678333,276862.5,-0.087920017
639,7506.047769,6879.31,199699.9844,-0.083497706
640,7357.032929,6315.7,222060.1719,-0.141542513
641,7243.36225,6647.013333,581777.125,-0.082330401
642,6651.762547,6637.41,310375.5313,-0.002157706
643,6663.749675,6509.426667,175450.8594,-0.023158584
644,6660.581846,6464.411667,182465.0313,-0.029452409
645,6422.813935,6445.79,78791.27344,0.003577258
646,6140.418853,6737,18511.99609,0.097156426
647,6571.240913,6714.718333,241639.2813,0.021834144
648,6565.884576,6760.83,27557.55273,0.029690657
649,6401.049525,6332.573333,31681.46289,-0.010697651
650,6515.594031,6141.605833,67035.21094,-0.057398941
651,6705.681405,6170.46,70799.29688,-0.07981611
652,6609.910181,6211.4475,84265.125,-0.060282617
653,6561.150201,6218.595,101416.0469,-0.052209626
654,6224.18537,6097.46,63544.98047,-0.020360154
655,6086.984237,6107.896154,31135.6875,0.003435514
656,6120.653358,5908.7025,19272.76367,-0.034628796
657,6156.785473,6223.28,34328.92969,0.010800202
658,5927.597998,6374.754167,28403.65039,0.075436318
659,6032.409305,6466.069167,117520.7656,0.071888335
660,6145.145792,6626.44,56726.63281,0.07832104
661,6106.803904,6593.289167,109359.5469,0.079662827
662,6379.493707,6603.376667,70821.39844,0.035094158
663,6650.733592,6555.51,49448.66406,-0.014317758
664,6673.221385,6594.281667,21082.09375,-0.011829327
665,6765.092176,6753.559167,14311.04883,-0.001704782
666,6642.732314,6724.04,16937.48633,0.012240097
667,6641.743317,6510.791667,7321.120117,-0.019716458
668,6589.20486,6377.363333,7775.098633,-0.032149786
669,6587.290457,6403.18,12587.56055,-0.027949346
670,6734.778013,6244.3575,19640.56055,-0.072819106
671,6582.224899,6241,90230.46094,-0.051840359
672,6385.358992,6248.84,45229.50781,-0.021380003
673,6267.80462,6514.390833,29394.78125,0.03934172
674,6319.945675,6869.910833,29159.22852,0.087020551
675,6312.460904,7321.62,98225.17969,0.159867778
676,6325.574153,7396.401667,262139.625,0.169285426
677,6521.302196,7428.045,443192.3438,0.139043212
678,6989.573522,7334.99,442373.8125,0.04941882
679,7505.499207,7451.289167,195017.3281,-0.007222709
680,7884.940769,7689.884167,52462.96875,-0.024737865
681,7607.996976,7715.1,102655.6406,0.01407769
682,7572.086128,8251.165,76260.82813,0.089681874
683,7545.454957,8187.324167,201150.0625,0.085066999
684,7693.38955,7939.81,161937.8594,0.032030154
685,8052.902461,8182.251667,121338.7109,0.016062433
686,8006.106045,8206.341667,129175.9609,0.025010363
687,8662.597641,8220.91,105572.8594,-0.050987898
688,8245.287445,7916.800833,100040.8594,-0.039839316
689,8000.397672,7570.869167,67831.57813,-0.053688394
690,8045.739396,7607.7,111568.6094,-0.054443647
691,8065.541544,7394.499167,92351.5625,-0.083198676
692,7961.815904,7247.769167,195707.0313,-0.089683904
693,7635.357803,7011.28,234994.3281,-0.08173524
694,7364.397603,6988.079167,193643.4688,-0.05109969
695,7324.20597,6993.513333,162412.1719,-0.045150647
696,7192.730922,6718.23,126841.1094,-0.065969508
697,6889.514611,6396.7725,143745.25,-0.071520584
698,6683.014892,6396.494667,108101.5,-0.042872899
699,6771.024924,6138.96,72575.40625,-0.093348486
700,6620.373656,6311.131667,236856.0938,-0.046710655
701,6427.598435,6347.07,106242.8984,-0.012528542
702,6156.643072,6252.13,59184.82422,0.015509577
703,6246.087281,6362.676923,37423.24609,0.018666028
704,6180.826726,6342.629231,44786.71094,0.026178133
705,6140.010339,6312.75,20669.42188,0.028133448
706,6145.730684,6436.720833,39638.48828,0.04734834
707,6315.988744,6404.063333,80716.1875,0.013944703
708,6346.977149,6486.58,4769.648926,0.021995172
709,6385.619569,6401.246154,10128.88965,0.002447153
710,6376.967471,6575.229167,6888.23584,0.031090279
711,6505.948801,6354.57,14880.37207,-0.023267752
712,6442.722656,6543.645714,21732.79297,0.01566466
713,6526.755606,6719.429231,24534.61133,0.029520582
714,6473.23128,6738.27,38294.68359,0.040943805
715,6653.226982,6719.266154,21112.73828,0.009925886
716,6493.238204,7000.04,29416.74609,0.078050701
717,6652.962832,7078.19,78456.38281,0.063915458
718,6926.054294,6932.6625,69984.9375,0.000954108
719,6910.093894,6981.946154,32372.75,0.01039816
720,6856.339441,7018.78,55452.60156,0.023692024
721,7195.641429,7247.935385,37334.52344,0.007267449
722,7188.419612,7260.949231,21462.85352,0.010089786
723,7034.45567,7265.08,14709.52832,0.032784958
724,7047.690031,7113.069231,27393.45313,0.009276685
725,7109.324801,6433.271667,18879.33984,-0.09509386
726,7334.865589,6501.19,151946.0313,-0.113659286
727,7128.171248,6366.1075,240802.375,-0.106908732
728,6988.984608,6286.425833,323744.25,-0.100523726
729,6769.456608,6240.98,353683.5313,-0.078067803
730,6371.291869,6296.320833,172625.2031,-0.011767007
731,6347.424415,6273.1375,52839.21094,-0.011703474
732,6301.787118,6326.04,28998.53125,0.003848572
733,6181.385418,6499.0625,15247.86914,0.051392538
734,5875.664326,6518.655,41679.05859,0.109432847
735,6352.278687,6522.39,224505.625,0.026779573
736,6293.981268,6400.600833,36681.10156,0.016939924
737,6389.249853,6296.631667,30969.18164,-0.014495941
738,6595.66823,6342.39,20200.41797,-0.038400693
739,6482.170682,6418.562667,34328.16797,-0.009812765
740,6447.474781,6669.990833,12118.66699,0.034512124
741,6412.951305,6756.12,28936.83398,0.05351182
742,6388.061809,6710.445,43689.13672,0.050466511
743,6461.440377,6639.304167,39880.73047,0.027526957
744,6564.897674,6583.45,37221.61719,0.002825989
745,6819.614137,6468.631667,14558.74805,-0.051466617
746,6792.61969,6535.476667,29598.92773,-0.037856237
747,6658.460666,6686.08,27258.375,0.004148006
748,6594.379629,6550.474167,13147.85645,-0.006658012
749,6548.400186,6593.135,12416.07422,0.006831411
750,6501.173594,6611.02,10787.06152,0.016896396
751,6531.213418,6562.641667,10276.27344,0.004812008
752,6645.324089,6470.4025,7807.313477,-0.026322507
753,6571.58527,6483.73,5649.334473,-0.013368961
754,6554.561232,6568.549167,6493.503906,0.002134076
755,6565.092161,6581.486667,5279.796875,0.002497224
756,6549.353354,6573.62,2976.960449,0.003705197
757,6448.848983,6618.567692,3329.592285,0.026317675
758,6507.106147,6621.711667,8949,0.017612364
759,6585.611443,6626.85,4590.147461,0.006261918
760,6595.318078,6248.635833,3965.763184,-0.052564901
761,6565.542304,6260.530833,40696.75,-0.046456402
762,6575.804749,6247,46354.38281,-0.050002207
763,6525.671994,6299.399167,70588.14844,-0.034674257
764,6483.61489,6452.571667,68552.625,-0.00478795
765,6243.585546,6599.17,32401.44141,0.056951963
766,6267.035769,6596.276154,35376.21094,0.052535265
767,6339.091616,6568.040769,56349.67578,0.036117029
768,6440.054487,6509.61,55497.44531,0.010800454
769,6420.382793,6488.825833,21895.98438,0.010660274
770,6692.420889,6531.601667,36550.42969,-0.024030052
771,6575.83299,6504.78,9560.538086,-0.010805169
772,6539.878066,6481.426,5901.30957,-0.008937791
773,6499.946856,6508.31,2444.523926,0.001286648
774,6491.206815,6489.77,1210.427856,-0.000221348
775,6505.303418,6473.753333,1121.998901,-0.004849902
776,6477.844566,6465.9175,913.3843994,-0.001841209
777,6456.716665,6457.21,650.4036865,7.64064E-05
778,6483.569195,6382.668333,1399.905518,-0.015562549
779,6465.052263,6309.452857,4531.858398,-0.024067772
780,6419.630287,6301.61,9926.904297,-0.018384281
781,6408.677598,6342.280833,9391.249023,-0.010360447
782,6392.936745,6387.674167,7375.942871,-0.000823186
783,6341.049553,6390.42,3504.371582,0.007785848
784,6305.298313,6391.873333,2373.674561,0.013730519
785,6316.491462,6436.965,3531.164551,0.019072857
786,6362.010735,6437.76,5687.243652,0.011906497
787,6366.877806,6538.79,3609.045654,0.02700102
788,6439.918471,6486.251667,14677.28711,0.007194687
789,6443.431521,6444.97,5042.967773,0.000238767
790,6491.990458,6399.033333,3329.203613,-0.01431874
791,6458.98334,6378.268333,3031.61084,-0.01249655
792,6557.964579,6408.53,6876.238281,-0.022786732
793,6451.557147,6372.063333,9034.719727,-0.012321648
794,6409.406912,6176.155,4675.154785,-0.036392121
795,6343.1632,5756.77,21480.44336,-0.092444918
796,6269.300417,5596.1925,109882.2031,-0.107365714
797,6220.597712,5558.243333,221007.4688,-0.10647761
798,6107.497372,5572.44,267672.6875,-0.087606648
799,5851.790532,5303.9425,251311.8281,-0.093620581
800,5585.116313,4671.97,145818.3281,-0.163496382
801,5342.595335,4491.98,310596,-0.15921388
802,5240.35977,4548.7975,414674.8125,-0.131968472
803,5168.215031,4309.3375,333451.8438,-0.166184558
804,4824.387387,4352.98,402028.3438,-0.097713419
805,4421.690575,3823.511667,119804.9219,-0.135282851
806,4245.344766,3920.536667,179143.9063,-0.076509239
807,4287.02709,3793.35,143930.3438,-0.115156046
808,4015.520811,4103.453846,145234.0313,0.021898289
809,3940.827011,4263.783333,52591.54297,0.081951408
810,3723.010532,4278.77,113400.5469,0.149276899
811,3877.742483,4116.7775,66007.63281,0.061642829
812,3812.004706,4167.546667,76582.6875,0.093269025
813,4157.697232,4140.6,74458.41406,-0.004112188
814,4255.27684,3961.493333,19693.74414,-0.069039811
815,4297.342657,3858.349167,40137.38672,-0.102154639
816,4101.978782,3744.98,40730,-0.08703087
817,4046.660255,3405.643333,61194.19922,-0.15840641
818,3967.497015,3435.34,150111.4531,-0.134129153
819,3790.302823,3453.66,90429.79688,-0.088816867
820,3618.976143,3523.96,65902.80469,-0.026254979
821,3575.824939,3426.19,33173.48828,-0.041846271
822,3357.134704,3407.28,24575.83984,0.014936933
823,3300.832157,3406.7625,6476.274414,0.032092011
824,3376.089057,3278.374167,12388.59375,-0.028943221
825,3418.238981,3242.42,13116.08398,-0.051435544
826,3297.833951,3271.238333,8897.011719,-0.008064572
827,3356.585885,3392.405,31689.53711,0.010671294
828,3347.563849,3556.54,4977.664551,0.062426338
829,3296.481055,3808.0425,11021.53125,0.1551841
830,3256.057101,3982.850833,56196.19922,0.223212834
831,3377.407563,4135.19,138498.3906,0.224368076
832,3597.58702,3910.973333,186835.0938,0.087110141
833,3903.902071,4027.478333,109827.0156,0.03165455
834,4247.581209,3995.17,50799.19531,-0.059424693
835,4289.379447,3813.88,74911.88281,-0.110855067
836,4232.680774,3825.379167,108338.4141,-0.096227811
837,3919.923751,3848.21,51096.48438,-0.01829468
838,3938.002311,3743.905,23264.83984,-0.049288267
839,3900.265522,3912.285833,25667.58984,0.003081921
840,3810.797747,3770.36,10983.94434,-0.01061136
841,3734.306498,3791.545833,12411.05273,0.015327969
842,3817.629358,3752.271667,13218.40039,-0.017119968
843,3750.310141,3855.88,8997.818359,0.028149634
844,3817.673777,3865.7975,4763.702637,0.01260551
845,3795.821736,3822.626667,5121.274414,0.007061694
846,3796.806499,3856.62,1997.116943,0.015753634
847,3777.091183,3920.456667,4170.535645,0.037956585
848,3867.217644,4036.093333,3746.635498,0.043668525
849,3878.299708,4032.25,8429.921875,0.039695305
850,3889.213758,4034.138333,12431.25195,0.037263206
851,3915.548402,3812.585833,9321.579102,-0.026295823
852,3990.496457,3646.25,8440.136719,-0.086266574
853,4087.302896,3646.345833,30200.10352,-0.107884606
854,3975.263477,3599.841667,53575.19922,-0.094439479
855,3906.055365,3531.96,61199.11328,-0.095773185
856,3705.467215,3656.785,56268.11328,-0.013137943
857,3596.073825,3621.270833,20385.45508,0.007006811
858,3595.051065,3621.43,13097.5791,0.007337569
859,3595.720727,3632.395,10779.11523,0.010199422
860,3448.34607,3690.523333,9527.128906,0.070229976
861,3541.472016,3703.98,28294.58203,0.045887129
862,3653.589381,3548.4275,18378.26953,-0.028783169
863,3637.869571,3540.02,7815.166504,-0.026897493
864,3624.630162,3587.35,7387.691406,-0.010285232
865,3665.883456,3566.4,6615.574219,-0.027137648
866,3653.023922,3586.25,10180.19824,-0.018279081
867,3557.925786,3577.79,2571.797852,0.005583088
868,3539.796453,3576.3,1263.394165,0.010312329
869,3571.145758,3554.5,920.1102295,-0.004661181
870,3573.883802,3448.58,981.3608398,-0.035060961
871,3498.016245,3421.6,5666.118652,-0.021845595
872,3538.59039,3470,10161.0293,-0.019383535
873,3529.756946,3444.81,4398.395996,-0.024065948
874,3502.528589,3475.33,6118.596191,-0.007765415
875,3437.551757,3506.22,2415.919434,0.019975915
876,3417.732645,3456.02,3009.952148,0.01120256
877,3457.490483,3452.35,1903.664063,-0.001486767
878,3447.425482,3467.34,1643.364868,0.005776635
879,3430.560482,3405.7,1152.727783,-0.00724677
880,3502.551413,3394.76,5902.646973,-0.030775112
881,3448.068085,3661.08,3480.82373,0.061777178
882,3457.555886,3664.38,18369.54883,0.05981801
883,3491.228707,3686.29,12568.31738,0.055871818
884,3480.462532,3629.47,21986.60938,0.042812548
885,3465.945068,3632.42,26113.80078,0.048031613
886,3810.782873,3614.5,16249.16113,-0.051507231
887,3715.523719,3600.31,14781.89551,-0.031008743
888,3701.492027,3608.2,8885.365234,-0.025203898
889,3622.19991,3619.55,5066.482422,-0.000731575
890,3615.170188,3670.74,2158.180176,0.015371285
891,3613.48164,3910.8,1217.953857,0.082280302
892,3644.882485,3926.53,25923.75586,0.077272043
893,3650.261571,3987.18,24805.85547,0.092299804
894,3731.16366,3944.88,51672.13281,0.057278737
895,3825.552774,3983.48,42011.50781,0.041282198
896,4141.300946,4139.6,16053.81738,-0.000410727
897,4048.224447,3766.89,20204.97852,-0.069495763
898,4044.168041,3848.33,54412.14844,-0.048424803
899,3931.261267,3831.45,33744.41016,-0.025389121
900,3947.008963,3833.23,31071.24414,-0.028826629
901,4140.736579,3850.08,29799.55273,-0.070194414
902,3779.235487,3834.62,41950.71484,0.014654952
903,3810.833673,3831.44,2742.486084,0.005407301
904,3818.962503,3814.58,3076.25415,-0.001147564
905,3833.222559,3730.98,2350.102295,-0.026672743
906,3650.482949,3872.25,5252.770996,0.060750058
907,3815.400889,3876.85,41835.57422,0.016105545
908,3826.492933,3886.82,6004.171387,0.015765629
909,3825.319818,3875.96,5695.787109,0.013238157
910,3791.14985,3950.56,6841.966309,0.042047969
911,3901.391785,3928.17,4880.92627,0.006863759
912,3915.103257,3881.09,3015.217041,-0.008687704
913,3919.260709,3892.51,2687.081299,-0.006825448
914,3894.304944,3877.77,2591.080322,-0.00424593
915,3968.194065,3885.21,2855.92627,-0.0209123
916,3912.156739,3936.5,3136.695801,0.006222466
917,3886.69,4015.95,929.8235474,0.03325709
918,3901.666002,3994.92,3755.167236,0.023901071
919,3911.81554,3998.77,4021.948486,0.022228671
920,3918.039275,4029.11,6250.166016,0.028348548
921,3979.689022,4056.4,7809.817871,0.019275621
922,4084.531162,3992.34,3129.499512,-0.022570806
923,4023.766315,3999.06,2550.80127,-0.006140097
924,4010.302991,4011.92,2969.138672,0.000403214
925,4030.889166,3994.11,2333.130859,-0.009124331
926,4054.242013,3935.89,2056.360107,-0.029192143
927,3991.264296,3947.74,3115.639648,-0.01090489
928,3979.724607,4048.51,2013.46936,0.017283958
929,3994.977799,4037.37,2538.516113,0.010611373
930,3993.220057,4115.55,2450.216064,0.030634411
931,3940.89883,4114.44,8520.375,0.044035936
932,3995.214844,4114.16,13043.72949,0.029771905
933,4106.047966,4152.53,7197.878906,0.011320383
934,4100.410965,4882.88,6629.407227,0.190826979
935,4222.882413,4959.81,156909.0781,0.174508195
936,4287.244299,4911.24,276853.3125,0.145547036
937,4394.742244,5028.77,253881.6563,0.144269612
938,4540.520619,5053.52,317400.4063,0.112982502
939,5735.467989,5189.39,120076.5234,-0.095210712
940,5236.744052,5268.71,305079,0.006104165
941,5063.58603,5175.81,127581.75,0.022162943
942,5163.838579,5310.18,36805.44531,0.028339658
943,5185.023105,5035.02,27396.25391,-0.028930074
944,5309.886862,5072.85,28735.31836,-0.044640661
945,5291.589629,5064.62,36049.10156,-0.042892523
946,5162.490468,5152.51,28816.11523,-0.001933266
947,5229.273531,5036.18,20129.64453,-0.036925498
948,5043.402526,5196.65,13558.30762,0.030385731
949,5064.664496,5220.37,14459.95508,0.030743498
950,5091.998737,5276.31,17443.85547,0.036196251
951,5183.594605,5277.04,16789.42773,0.018027142
952,5040.227222,5309.28,21518.21484,0.053381081
953,5274.208679,5281.83,34442.83594,0.001445017
954,5291.808953,5377.19,3713.754639,0.016134567
955,5356.467929,5518.16,5602.758789,0.030186323
956,5337.069882,5434.19,13314.3418,0.018197273
957,5388.87207,5195.61,8881.808594,-0.035863177
958,5327.886867,5292.83,11255.17188,-0.006579882
959,5422.350448,5280.19,11680.35645,-0.026217495
960,5540.069374,5301.29,17977.36133,-0.04310043
961,5368.565902,5260.65,29646.17578,-0.020101439
962,5181.868525,5269.79,7650.518555,0.016967137
963,5251.232257,5326.67,5216.427734,0.014365722
964,5290.197327,5390.16,6173.236328,0.018895831
965,5273.196566,5657.14,7143.25,0.072810378
966,5256.344197,5771.08,44344.73047,0.097926579
967,5391.176667,5717.66,78853.76563,0.060558827
968,5493.654127,5684.47,60792.65625,0.034733871
969,5605.116089,5755.72,54283.60547,0.026869008
970,5930.288447,5936.72,25511.27148,0.001084526
971,5920.884064,6146.91,15796.48633,0.038174356
972,5810.274897,6348.02,32442.6875,0.092550716
973,5801.532221,7248.31,100521.7969,0.249378565
974,6002.378495,6978.63,520440,0.162644109
975,6463.053562,7823.11,590296.9375,0.210435582
976,6909.403715,7992.69,863329.3125,0.156784338
977,7212.499714,8206.9,950789.875,0.137871796
978,8662.154292,7885.96,502224.3438,-0.089607535
979,7518.037732,7362.22,715017.1875,-0.020725851
980,8358.053169,7265.05,710793.5625,-0.130772459
981,8054.959421,8193.7,461147.1875,0.017224243
982,8218.985809,8007.03,240421.1563,-0.02578856
983,7764.611534,7952.5,153344.7656,0.024198051
984,7377.873731,7625.93,86691.36719,0.033621647
985,7379.058989,7880.29,104881.5391,0.067926142
986,8210.043793,8003.26,60238.67969,-0.025186686
987,8137.957672,8071.45,46054.88281,-0.008172526
988,7950.875883,8744.42,26661.15039,0.099805874
989,7698.864118,8770.06,177392.2969,0.139136873
990,8085.538592,8719.88,223321.875,0.078453822
991,8205.679074,8662.98,277302.875,0.055729809
992,8504.107455,8272.46,311266.4688,-0.027239479
993,9291.71547,8553.81,76970.07813,-0.079415418
994,8866.164636,8554.8,318883.4063,-0.035118301
995,8685.776185,8739.03,74887.51563,0.006131152
996,8584.487666,8134.92,46385.42188,-0.052369773
997,8307.288455,7675.8,64827.78906,-0.076016195
998,8398.367935,7786.04,141018.4375,-0.072910349
999,8363.327301,7803.23,119678.875,-0.06697063
1000,8475.851699,7998.29,187014.5,-0.056343801
1001,7952.044292,7931.34,166210.9844,-0.002603644
1002,7673.359439,7640.61,74379.46875,-0.00426794
1003,7733.691673,8020.38,51106.49609,0.037070049
1004,7843.631602,7917.58,79757.8125,0.009427826
1005,7642.031678,8173.06,55270.63281,0.069487846
1006,7857.06962,8237.88,253659.625,0.048467227
1007,7811.659159,8693.6,112643.4531,0.112900579
1008,8117.795386,8859.47,148239.0938,0.091364044
1009,8209.653057,8978.99,197094.4063,0.093711261
1010,8586.833617,9327.48,237400.5781,0.086253725
1011,8668.940781,9076.18,271339.4688,0.046976814
1012,9312.821342,9281.7,170138.625,-0.003341774
1013,9266.635722,9531.35,107113.8281,0.028566384
1014,9334.994024,10209.38,157176.5938,0.093667545
1015,9762.226529,10668.63,195713.1094,0.092848027
1016,9449.560644,10814.48,252488.2969,0.144442626
1017,9750.236671,11017.5,698388.9375,0.129972571
1018,10255.00362,11766.4,736429.625,0.14738136
1019,11390.73786,12932.55,806674.8125,0.135356652
1020,11812.88341,11132.85,891439.8125,-0.057567098
1021,11578.25387,12374.35,1235119.75,0.068757874
1022,11706.84369,11890.38,1289665.25,0.015677693
1023,12699.11039,10737.73,1050215.75,-0.15445022
1024,13854.70574,10578.72,1785596.625,-0.236452928
1025,11170.38327,10805.4,2479725,-0.032674194
1026,11650.26974,11984.76,918428,0.028710946
1027,11468.07167,11160.49,456820.75,-0.026820697
1028,10792.52288,10955.16,409324.5625,0.015069425
1029,10293.05609,11232.04,329005.8438,0.091224987
1030,10984.17936,11477.01,340916.9375,0.044867315
1031,11782.32659,12313.08,191189.7188,0.045046571
1032,11418.20231,12586.78,322568.625,0.102343404
1033,11166.5356,12099.9,304718.9688,0.083585853
1034,11468.45665,11352.87,279632.3125,-0.010078658
1035,11825.94106,11803.97,177077.8438,-0.00185787
1036,12628.02138,11389.1,165253.9219,-0.098108907
1037,12685.97126,10186.96,529420.375,-0.19699014
1038,11758.22338,10873.5,1775561.75,-0.075242947
1039,10990.55521,9397.72,693241.9375,-0.144927638
1040,11128.1685,9674.28,1732008.375,-0.130649397
1041,10825.98613,10638.56,1332035.25,-0.017312615
1042,9701.684419,10535.75,665139.0625,0.085971213
1043,10243.00717,10764.9,350367.3125,0.050951134
1044,9553.29681,10587.41,335949.1875,0.108246735
1045,9669.618203,10323.62,543784.3125,0.067634707
1046,10340.2977,9844.3,336349.9375,-0.047967449
1047,10683.34679,9772.17,275952.0625,-0.085289452
1048,10646.56308,9875.17,223757.9531,-0.072454658
1049,10382.60473,9848.65,281258.9375,-0.051427821
1050,10097.87335,9473.99,176647.5938,-0.061783638
1051,9713.210048,9530,106675.1719,-0.018861946
1052,9626.212268,9501.33,49014.60156,-0.012973147
1053,9607.510222,9589.13,44558.35156,-0.00191311
1054,9593.156327,10084.7,27866.17773,0.051238993
1055,9333.117952,10407.17,108629.1406,0.115079661
1056,9585.964841,10529.55,388560.25,0.098434031
1057,9700.492852,10814.57,258634.5313,0.114847479
1058,9911.111057,10980.23,446510.75,0.107870746
1059,10534.80011,11787.99,416282.6875,0.118957159
1060,11072.44235,11465.67,426797.3125,0.035514085
1061,11112.69371,11960.82,243252.2031,0.076320496
1062,11429.76879,11996.41,409277.9688,0.049575912
1063,11552.99883,11856.64,273738.5,0.026282455
1064,12579.59449,11282.22,178781.9688,-0.103133252
1065,11778.16832,11566.84,591358.875,-0.017942376
1066,12033.20027,11386.26,236420.5313,-0.053762944
1067,11884.47823,10858.12,233541.6563,-0.086361236
1068,11645.72507,10016.96,376836.2188,-0.139859482
1069,11001.95652,10302.17,632697.9375,-0.063605644
1070,11098.39564,10359.44,489527.75,-0.066582204
1071,10949.08705,10214.52,468357.5,-0.067089343
1072,10439.5255,10317.6,430418.1875,-0.011679218
1073,9852.099459,10917.26,112480.5625,0.108115082
1074,10252.24409,10760.56,228023.1719,0.049580941
1075,10329.53318,10129.4,243832.6719,-0.019374852
1076,10096.53541,10111.98,188498.1563,0.001529692
1077,10129.21275,10405.81,274615.9375,0.027306885
1078,11059.92999,10143.8,317479.7813,-0.082833254
1079,10582.09568,10135.06,446020.1563,-0.042244532
1080,10113.87315,10360.28,64738.86719,0.024363253
1081,10080.19386,10171.95,68032.23438,0.009102616
1082,10274.8416,9717.82,63544.11719,-0.054212184
1083,10041.54191,9484.55,112726.7656,-0.055468763
1084,9847.732416,9577.99,104548.7813,-0.027391323
1085,10112.09376,9600.9,136648.5469,-0.050552712
1086,9955.468404,9769.79,126070.7344,-0.018650896
1087,9574.517134,10386.64,61371.86719,0.084821287
1088,9485.701584,10621.29,141906.3906,0.119715807
1089,9704.627537,10584.16,280688.75,0.090630213
1090,9802.909657,10577.8,405848.0313,0.079046974
1091,9896.890593,10317.47,441243.5938,0.042496116
1092,10919.74469,10487.21,372019.4375,-0.03961033
1093,10841.94819,10406.31,218313.5469,-0.040180803
1094,10596.69812,10313.66,87745.32031,-0.026710029
1095,10500.03024,10101.03,61258.01953,-0.037999913
1096,10303.66583,10159.32,44065.97266,-0.014009173
1097,10342.00632,10420.16,36304.40625,0.007556917
1098,10304.38725,10363.9,19938.69922,0.005775477
1099,10278.54656,10361.33,16307.20508,0.008054003
1100,10114.80847,10310.43,19415.49805,0.019340112
1101,10207.00685,10265.63,19900.5918,0.005743423
1102,10349.20933,10190.36,5679.220703,-0.015348933
1103,10369.30407,10157.59,8565.162109,-0.020417385
1104,10325.53089,10275.88,13117.39355,-0.004808556
1105,10265.44914,10173.11,10222.38867,-0.008995138
1106,10223.02931,9979.49,10161.33691,-0.023822617
1107,10121.07616,10033.05,18450.15234,-0.008697313
1108,10112.86331,9683.38,8688.926758,-0.042469011
1109,10122.19563,8553.61,73658.03906,-0.154964959
1110,9964.468443,8432.23,645715.1875,-0.153770214
1111,9657.045539,8055.64,751980.0625,-0.165827688
1112,9530.538757,8193.9,1140503.75,-0.140247975
1113,9098.737475,8225,1043640,-0.09602843
1114,8236.383546,8056.74,445651.0938,-0.021810974
1115,8090.356551,8307.74,110015.5859,0.026869452
1116,8074.536626,8322.92,52525.03125,0.030761316
1117,7970.215392,8382.03,52773.94531,0.051669194
1118,7566.26968,8236.17,95452.08594,0.088537727
1119,8154.44289,8155.48,674220.375,0.000127183
1120,8186.62022,8147.69,25368.44727,-0.004755347
1121,8278.115537,7869.74,29197.33203,-0.049331945
1122,8261.767149,8212.02,100659.2422,-0.006021369
1123,8159.66877,8190,53212.35547,0.003717213
1124,8118.25327,8587.92,43209.84375,0.057853175
1125,8162.580984,8586.9,101740.2813,0.051983437
1126,8073.008775,8269.73,114860.0859,0.02436777
1127,8195.393625,8308.01,43638.46875,0.013741424
1128,8307.613902,8283.76,61202.05078,-0.00287133
1129,8794.795166,8353.54,21449.58008,-0.050172307
1130,8557.376047,8162.16,107500.9766,-0.046184256
1131,8275.631711,8002.51,31948.76563,-0.033003125
1132,8207.580859,8076.78,33555.45703,-0.015936591
1133,8190.223523,7954.15,20528.75781,-0.028823819
1134,8229.634759,7960.04,35368.08984,-0.032759019
1135,7971.218018,8231.06,28264.97852,0.032597525
1136,7976.903152,8222.52,34802.03906,0.030791003
1137,8037.623748,8026.76,21760.92969,-0.001351612
1138,7999.670575,7469.56,23096.4668,-0.066266551
1139,7858.524605,7431.88,69451.65625,-0.054290675
1140,8140.091269,8666.79,77120.33594,0.064704278
1141,8201.429707,9259.8,121129.7891,0.129047048
1142,8044.636836,9551.54,198842.0625,0.187317737
1143,7672.980605,9218.76,548934.125,0.201457488
1144,7913.706929,9433.35,928571.5,0.192026706
1145,9405.883055,9164.62,842911.3125,-0.025650229
1146,10165.3565,9147.98,338609.6563,-0.100082717
1147,9820.539643,9252.99,429964.6563,-0.057792103
1148,9271.165498,9301.18,241418.4531,0.003237403
1149,9307.781066,9206.16,86809.44531,-0.010917862
1150,9193.91442,9418.05,8392.144531,0.024378689
1151,9219.999348,9310.19,29226.84375,0.009782067
1152,9195.353598,9343.34,18305.03711,0.016093606
1153,9317.239992,9204.24,27120.15234,-0.012128054
1154,9186.37477,8766.04,18909.77148,-0.045756327
1155,9359.3069,8809.41,129002.625,-0.058754019
1156,9188.073723,9037.12,119213.8281,-0.016429311
1157,9165.690636,8717.81,65891.52344,-0.048864909
1158,9022.325591,8801.52,117133.2891,-0.024473246
1159,8753.535429,8762.42,53687.4375,0.001014969
1160,8712.460064,8632.32,39149.16797,-0.009198328
1161,8881.744032,8457.69,45990.69531,-0.047744455
1162,8624.74704,8482.7,46535.53125,-0.016469705
1163,8589.851723,8503.93,25643.33594,-0.010002701
1164,8628.812591,8175.99,25766.33008,-0.052477973
1165,8520.549533,8120.8,75664.53125,-0.046915933
1166,8238.766211,8081.81,58925.51172,-0.019050936
1167,8322.689353,7617.07,40653.50391,-0.084782613
1168,8271.884797,7286.35,192406.5313,-0.119142713
1169,7928.438441,7324.03,253337.4063,-0.076232974
1170,7789.560637,6907.4,182946.2188,-0.113249088
1171,7731.857628,7130.25,354307.875,-0.077808938
1172,7371.14957,7163.63,258187.7188,-0.028152945
1173,6984.434312,7523.83,111069.2344,0.077228257
1174,7142.897134,7431,97892.47656,0.040334175
1175,7003.653057,7757.47,100573.7031,0.107631965
1176,6994.802685,7557.72,164975.2656,0.080476511
1177,7161.119477,7402.69,281678.4375,0.033733626
1178,7699.523173,7309.59,169214.7188,-0.050643808
1179,7541.142243,7296.77,63496.98047,-0.032405203
1180,7794.611452,7192.85,62000.05078,-0.077202238
1181,7471.652478,7395.97,121139.7891,-0.010129282
1182,7342.206533,7547.19,24571.5957,0.02791851
1183,7285.56113,7504.83,21659.00195,0.03009636
1184,7312.317746,7522.39,23803.99219,0.028728546
1185,7196.316102,7337.42,40506.46484,0.019607796
1186,7337.058044,7220.76,43277.92188,-0.015850773
1187,7598.315118,7202.31,34331.82813,-0.052117491
1188,7480.396573,7189.16,43169.74609,-0.038933307
1189,7422.663585,7251.87,36861.62109,-0.023009744
1190,7272.392902,7067.74,18613.69141,-0.028141068
1191,7164.902724,7111.14,18433.51953,-0.007503622
1192,7129.302897,6879.54,10489.7627,-0.035033285
1193,7120.973091,6612.12,26404.19141,-0.071458365
1194,7039.338287,7284.29,81303.25781,0.034797548
1195,6971.822812,7150.86,63008.96875,0.025680112
1196,7027.266032,7190.17,47553.69141,0.023181699
1197,6860.583228,7143.2,55485.74219,0.041194278
1198,6675.036814,7514.41,75790.22656,0.125748098
1199,7301.809102,7322.08,104005.8984,0.002776147
1200,7315.888611,7250.69,66501.75,-0.00891192
1201,7317.754706,7192.72,55497.25781,-0.017086485
1202,7212.458408,7194.4,48140.70313,-0.00250378
1203,7573.948672,7243.93,43137.00781,-0.043572869
1204,7332.933015,7301.07,58073.03906,-0.004345194
1205,7241.710496,7385.36,3995.318848,0.019836405
1206,7189.21063,7219.6,6496.411133,0.00422708
1207,7209.274926,7168.31,6028.544434,-0.005682253
1208,7153.843739,7175.68,6440.875977,0.003052382
1209,7284.640562,6944.33,26940.66797,-0.046716178
1210,7359.708867,7326.35,37270.08203,-0.004532634
1211,7192.768076,7347.89,30246.45313,0.021566374
1212,7138.86229,7351.57,20499.62109,0.029795744
1213,7162.751158,7759.24,23177.11719,0.083276499
1214,7072.299383,8165.47,114803.9141,0.15457075
1215,7448.928309,8042.65,244231.4063,0.079705652
1216,7646.908669,7817.92,223457.6563,0.022363459
1217,7671.83158,8184.66,147288.4844,0.066845631
1218,8219.20274,8021.49,167640.1406,-0.024054978
1219,8563.151772,8173.97,94371.89844,-0.045448426
1220,8167.68762,8105.24,82197.59375,-0.007645692
1221,7929.142346,8842.42,74544.85938,0.115179879
1222,8245.739171,8813.89,170730.7188,0.068902353
1223,8252.253836,8722.03,148238.0156,0.056927013
1224,8414.179913,8900.34,182510.2969,0.057778665
1225,8402.82974,8910.85,217241.2188,0.060458236
1226,9409.025324,8703.36,118187.6094,-0.07499877
1227,8968.135937,8626.47,260898.4063,-0.038097765
1228,8812.030259,8722.26,72851.125,-0.010187239
1229,8873.108666,8658.94,57275.21875,-0.024136824
1230,8828.506176,8388.11,47618.50781,-0.049883431
1231,8653.756557,8428.17,48082.08594,-0.02606805
1232,8554.304959,8327.36,31322.99023,-0.026529912
1233,8576.805136,8588.42,46824.66016,0.001354218
1234,8551.537782,8895.78,27887.32422,0.040255008
1235,8313.228637,9385.69,51269.55469,0.1290066
1236,8513.927969,9279.81,219211.4063,0.089956367
1237,8588.620683,9502.37,231252.8281,0.106390694
1238,8888.160695,9333.77,349116.0313,0.050135154
1239,9370.864074,9378.09,225964.6563,0.000771106
1240,9884.999152,9314.56,50991.76172,-0.057707557
1241,9462.862782,9162.14,139946.9063,-0.031779261
1242,9544.384586,9162.14,95100.29688,-0.04004916
1243,9320.935352,9614.9,54063.08203,0.031538106
1244,9344.843046,9755.66,48413.47656,0.043961889
1245,9340.532287,9807.54,51413.65625,0.049997976
1246,9307.067972,9907.12,78556,0.064472724
1247,9314.602832,10162.41,154258.6875,0.091019143
1248,9955.631523,9854.79,205961.0781,-0.010129093
1249,10042.76722,10275.38,77831.70313,0.02316222
1250,10053.55606,10354.3,98995.39063,0.029914185
1251,10133.69895,10242.43,101838.2266,0.010729651
1252,10396.3988,10368.53,50125.41797,-0.002680621
1253,10044.64293,9904.17,52603.77344,-0.01398486
1254,10353.1011,9937.67,63241.36328,-0.040126248
1255,10372.79869,9703.93,55335.35156,-0.064482953
1256,10177.14339,10180.65,120803.7266,0.000344557
1257,10214.10377,9604.72,70992.17188,-0.059661012
1258,9803.117995,9606.86,149410.1875,-0.020019956
1259,9768.03713,9696.58,95083.85156,-0.007315403
1260,9619.360611,9669.63,74912.16406,0.005225856
1261,10025.88001,9989.39,64857.61328,-0.003639581
1262,9540.875415,9663.75,52654.80469,0.012878754
1263,9578.471793,9309.15,17147.37695,-0.028117407
1264,9606.888288,8785.52,25537.08984,-0.085497849
1265,9587.374362,8804.72,144098.0313,-0.081633858
1266,9708.142263,8712.35,221360.375,-0.102572896
1267,9417.140209,8534.17,312643.0625,-0.093762033
1268,9029.653695,8912.82,360367.7188,-0.01293889
1269,8703.603786,8912.82,130892.375,0.024037883
1270,8708.808896,8754.34,79071.64063,0.005228167
1271,8524.629902,8758.9,76336.23438,0.027481556
1272,8443.321217,9067.39,89560.72656,0.073912714
1273,8650.817475,9155.89,154753.3281,0.05838437
1274,8937.28098,8898.63,175674.4844,-0.004324691
1275,8874.717261,8039.38,33890.28906,-0.094125507
1276,8722.718364,7931.94,156544.4688,-0.090657331
1277,8993.670023,7885.46,218372.5938,-0.123221112
1278,8970.032448,7936.65,412914.6563,-0.11520387
1279,8584.932294,4830.21,445798.1875,-0.437361899
1280,7574.159539,5609.03,4833278.5,-0.259451828
1281,7306.956387,5166.26,2050385.375,-0.292966904
1282,7234.230297,5348.44,2266488.5,-0.260676011
1283,7219.446044,5026.35,1894230.625,-0.303776222
1284,4664.95963,5357.61,1116886.625,0.148479392
1285,5226.265163,5410.23,468297.5938,0.035200058
1286,5205.274019,6195.2,134816.7813,0.190177496
1287,5403.189105,6226.44,487797.6563,0.152363887
1288,4395.691605,6189.85,627370.5,0.408162937
1289,5994.928206,5822.62,5444033,-0.02874233
1290,5763.882974,6502.16,506111.4375,0.128086748
1291,7092.244181,6768.49,393434.2188,-0.045649046
1292,6324.047233,6698.46,974157.375,0.059204613
1293,6383.436841,6763.75,570390.0625,0.059578119
1294,6490.458082,6369.09,609170.625,-0.018699463
1295,6893.993878,6260.95,124493.8906,-0.091825419
1296,6837.052137,5885.41,275838.6563,-0.139188954
1297,6452.027349,6405.29,516737.5,-0.007243824
1298,6444.368972,6428.28,240429.9531,-0.002496594
1299,6304.641408,6652.87,117468.2109,0.055233687
1300,6283.417984,6809.11,143170.7031,0.083663385
1301,6194.403747,6741.67,224038.4063,0.088348496
1302,6474.402943,6871.69,91614.67188,0.061362733
1303,6402.234418,6777.44,101007.75,0.058605411
1304,6911.550299,7343.2,202121.25,0.062453383
1305,7041.57687,7205.55,112778.0234,0.023286422
1306,6938.97034,7365.03,82961.14844,0.061400992
1307,7071.196161,7293.69,98407.14063,0.031464809
1308,7010.721808,6873.24,77917.42188,-0.019610222
1309,7622.204946,6891.6,51350.79688,-0.095852178
1310,7248.328951,6915.37,241252.5,-0.04593596
1311,7297.038138,6857.66,58480.78906,-0.060213217
1312,7147.125693,6871.95,70435.45313,-0.038501589
1313,6824.198954,6623.8,27438.89453,-0.029365931
1314,6774.626449,7112.27,28458.07422,0.049839435
1315,6845.175212,7034.89,48005.73828,0.027715111
1316,6833.491289,7259.36,48476.77344,0.06232081
1317,6746.213447,7130.04,68297.82813,0.05689511
1318,6800.401354,6840.24,164193.5625,0.005858279
1319,7209.86503,6852.52,19150.53125,-0.049563345
1320,7085.168537,7130.99,44862.16797,0.006467237
1321,7323.670811,7477.6,20298.50781,0.021018038
1322,7139.194925,7507.08,20051.42383,0.051530331
1323,6937.99551,7549.52,30017.55664,0.088141379
1324,6980.542072,7699.27,88448.53906,0.102961621
1325,7295.248167,7790.66,121844.375,0.067908839
1326,7784.298539,7765.33,100321.1484,-0.002436769
1327,7743.288965,8777.63,46776.47656,0.133579031
1328,7837.084766,8628.77,326483.75,0.101017822
1329,8025.544701,8824.66,249982.5,0.099571472
1330,8172.020994,8973.82,272525.1875,0.098115143
1331,8184.926474,8903.95,397043.0938,0.08784728
1332,9649.116923,8885.93,245288.4219,-0.079093966
1333,8951.096888,9030.96,741268.375,0.008922159
1334,9006.634015,9170.79,185252.7344,0.018226119
1335,9126.254015,10002.48,52412.13281,0.096011571
1336,9109.442694,9821.8,220040.8438,0.078199878
1337,9128.275867,9527.39,194920.7813,0.043722839
1338,9304.537951,8754.46,162650.0156,-0.059119319
1339,9450.307223,8617.25,136728.9219,-0.088151338
1340,10439.92015,8814.53,273607.2813,-0.155689902
1341,9605.815711,9305.93,861327.1875,-0.031219182
1342,9260.778994,9790.31,181302.9063,0.057179964
1343,8693.677788,9303.59,102133.6563,0.070155834
1344,8710.154213,9385.7,150257.7031,0.077558419
1345,8901.136037,9669.4,277562.9375,0.086310776
1346,9298.777264,9719.37,244916.2188,0.045230972
1347,9993.746048,9785.74,187913.0156,-0.020813622
1348,9553.976162,9510.67,64499.48047,-0.004532789
1349,9489.29396,9057.57,49848.24609,-0.045495899
1350,9597.685652,9167.26,89098.86719,-0.044846817
1351,9661.725369,9178.32,58063.04297,-0.050033027
1352,9662.762413,8730.73,77081.67188,-0.096456104
1353,9331.144004,8899.66,233471.0781,-0.046241276
1354,8935.937475,8842.85,117355.0391,-0.010417203
1355,8956.623343,9197.54,85677.25,0.026898157
1356,9030.746586,9569.21,72255.42188,0.05962557
1357,8709.401337,9425.98,127173.3516,0.082276455
1358,8797.857383,9698.1,160878.0938,0.102325211
1359,9036.408031,9450.84,337023.375,0.045862467
1360,9382.545432,10204.23,121845.1406,0.087575869
1361,9973.385097,9525.57,210629.9219,-0.044901013
1362,9690.005066,9658.04,157101.5938,-0.003298767
1363,9864.065213,9794.56,151821.2188,-0.007046305
1364,9574.89134,9623.75,112394.6641,0.00510279
1365,10427.09184,9670.43,97688.29688,-0.07256691
1366,9621.562239,9753.85,213495.4531,0.013749094
1367,9635.261776,9782.59,27694.36523,0.015290526
1368,9721.700719,9775.15,21741.84375,0.005497935
1369,9687.147159,9892.13,19647.73047,0.02116029
1370,9516.168109,9286.42,32258.03125,-0.024142922
1371,9715.650075,9459.97,130326.6406,-0.026316312
1372,9746.386627,9473.5,44456.67188,-0.027998748
1373,9704.968614,9330.07,50238.67578,-0.038629554
1374,9796.473977,9426.7,87658.92969,-0.037745619
1375,9273.099367,9526,81214.78125,0.027272503
1376,9358.397473,9454.81,30554.02539,0.010302247
1377,9413.169934,9380.03,31638.05273,-0.003520592
1378,9372.40736,9300.15,26402.93164,-0.007709584
1379,9212.444826,9357.43,12708.33301,0.015737969
1380,9486.333922,9284.78,102997.9844,-0.021246767
1381,9424.452342,9691.9,11011.43848,0.028378058
1382,9380.873029,9621.49,25763.71484,0.025649742
1383,9335.994603,9276.58,26864.54297,-0.006364036
1384,9376.376101,9240.85,24782.33398,-0.014453996
1385,9302.582164,9154.45,19108.80859,-0.015923768
1386,9747.48498,9004.23,29066.21875,-0.076250949
1387,9531.431229,9127.47,161005.8438,-0.042382012
1388,9205.249284,9185.35,59197.45703,-0.002161732
1389,9121.11737,9133.97,37532.80859,0.001409107
1390,9081.427709,9236.38,29378.53516,0.017062547
1391,9000.625648,9087.98,31844.51563,0.009705364
1392,8933.992983,9072.42,13322.69043,0.015494418
1393,9134.729647,9131.31,68763.78906,-0.000374357
1394,9115.995829,9089.09,5476.911133,-0.002951496
1395,9214.555727,9348.91,7405.070313,0.014580657
1396,9116.995003,9256.23,13000.00684,0.015272027
1397,9109.178011,9440.07,11190.20996,0.036325121
1398,9180.433257,9238.04,29497.71875,0.006274948
1399,9184.929444,9287.4,21662.27344,0.011156379
1400,9433.896824,9235.96,15290.27637,-0.020981449
1401,9312.677397,9295.9,16049.4668,-0.001801565
1402,9466.873758,9238.13,13591.42383,-0.024162544
1403,9245.373409,9254.52,15164.87012,0.000989316
1404,9260.909346,9193.51,6308.278809,-0.007277832
1405,9216.439687,9131,3745.110107,-0.009270357
1406,9255.768775,9154.19,5744.088867,-0.010974645
1407,9142.970198,9174.71,3733.397705,0.003471498
1408,9217.669999,9214.66,9325.208984,-0.000326547
1409,9170.630368,9163.87,2079.895996,-0.000737176
1410,9128.162441,9392.66,1291.161865,0.028975992
1411,9151.203641,9537.4,15743.06836,0.042201701
1412,9237.113404,9613.11,37710.47656,0.040704989
1413,9295.525351,9551.28,52432.4375,0.027513738
1414,9312.224339,9707.5,59581.03906,0.042446965
1415,9602.939498,9938.83,57992.61328,0.034977884
1416,9756.608267,11042.4,41104.99219,0.131786754
1417,9923.766186,10934.94,333025.4375,0.101894159
1418,9915.782199,11102.67,520456.8438,0.119696841
1419,10245.80713,11114.93,646868.5,0.084827175
1420,10653.28515,11343.88,546130.0625,0.064824591
1421,12142.01502,11823.69,242562.1719,-0.026216819
1422,11401.54726,11077.77,509096.9375,-0.028397659
1423,11367.43247,11242.57,379384.9375,-0.010984228
1424,11274.89066,11194.25,158889.9375,-0.007152234
1425,11528.89424,11750.28,123551.4141,0.019202688
1426,12031.25671,11772.94,67185.375,-0.021470467
1427,11223.40185,11605.6,158320.2031,0.034053682
1428,11280.46027,11767.6,38996.72656,0.043184384
1429,11352.94278,11684.06,87841.20313,0.029165762
1430,11864.74193,11893.03,58706.48047,0.002384212
1431,11865.88069,11392.43,46265.25391,-0.039900173
1432,11688.14154,11573.11,72724.51563,-0.009841731
1433,11719.12397,11777.43,61822.08203,0.004975289
1434,11673.08049,11774.38,40515.71094,0.008678045
1435,11893.43575,11873.98,23951.74609,-0.00163584
1436,11461.76975,11914.01,36205.75781,0.039456407
1437,11625.84779,12293.72,34059.92969,0.057447183
1438,11879.53391,11969.53,96418.29688,0.007575726
1439,11947.01573,11734,68257.21094,-0.017830037
1440,11958.965,11865.82,52284.38672,-0.007788717
1441,11988.98959,11522.8,53354.77344,-0.03888481
1442,12378.75978,11683.44,108949.4219,-0.056170391
1443,11867.25251,11653.02,215261.5469,-0.01805241
1444,11652.34271,11763.93,47005.26563,0.009576383
1445,11709.94593,11337.4,38400.14844,-0.031814487
1446,11500.69745,11467.37,55291.70703,-0.002897863
1447,11434.43773,11302.01,35407.49609,-0.011581482
1448,11517.11807,11534.75,56875.86719,0.001530933
1449,11659.99409,11481.64,32934.07422,-0.015296242
1450,11265.08996,11707.78,29698.39063,0.039297515
1451,11425.60659,11659.57,37137.35547,0.02047711
1452,11367.10674,11923.25,47240.80078,0.048925665
1453,11624.74309,11397.44,81541.59375,-0.019553386
1454,11469.55891,10187.51,61369.98828,-0.111778397
1455,11732.58423,10467.89,410078.8125,-0.107793322
1456,11477.35274,10159.62,632294.375,-0.114811557
1457,11681.18847,10254.93,799396.875,-0.122098747
1458,10973.56332,10367.74,1009219.625,-0.055207529
1459,10179.24787,10121.52,289821.3125,-0.005671133
1460,10237.34107,10227.83,106439.8984,-0.000929057
1461,10157.34325,10352.66,51709.9375,0.019229117
1462,9924.099224,10395.44,39195.58594,0.047494565
1463,9740.978102,10446.44,160672.8438,0.07242208
1464,10316.30156,10330.77,507434.25,0.001402483
1465,10243.55698,10674.64,15292.84863,0.042083333
1466,10423.48072,10785.62,73863.23438,0.034742644
1467,10519.92015,10948.43,80925.02344,0.040733184
1468,10627.06433,10943.89,100646.2734,0.029813095
1469,10574.71636,10931.79,85429.25,0.033766735
1470,10929.45338,11081.43,44586.70313,0.013905235
1471,10989.45073,10919.65,28658.10352,-0.006351613
1472,11121.69809,10430.46,16142.2832,-0.062152207
1473,10960.53891,10532.22,117449.8906,-0.039078271
1474,10878.02378,10234.48,94003.98438,-0.05915999
1475,10966.55471,10732.43,164624.3906,-0.021348976
1476,10771.90597,10692.84,129336.1875,-0.007340016
1477,10394.44009,10732.4,66372.55469,0.032513527
1478,10436.49971,10774.24,58093.59375,0.032361453
1479,10329.2496,10692.33,86459.35938,0.035150704
1480,10641.2325,10840.8,47487.14453,0.018754171
1481,10674.30119,10777.92,54751.51953,0.009707316
1482,10797.84952,10619.24,52896.98047,-0.016541212
1483,10812.30055,10575.06,14969.68164,-0.021941727
1484,10704.99623,10551.77,19479.49805,-0.014313525
1485,10800.51289,10673.46,15391.3623,-0.011763598
1486,10725.42047,10788.56,16325.69531,0.005886905
1487,10618.80503,10603.74,5075.563965,-0.001418712
1488,10565.02044,10670.8,4856.45752,0.010012244
1489,10561.2727,10923.3,7380.527344,0.034278757
1490,10665.04905,11063.19,28174.87891,0.037331375
1491,10845.20569,11302.67,43522.375,0.042181248
1492,10766.69722,11376.61,69188.66406,0.056648086
1493,10847.59269,11540.04,107168.1016,0.063834192
1494,11183.14039,11428.24,133247.4688,0.021916886
1495,11367.265,11431.32,72745.11719,0.005635041
1496,11609.58092,11503.73,41026.11719,-0.009117549
1497,11557.86074,11327.57,28608.89648,-0.019925032
1498,11662.22243,11366.51,36408.91016,-0.025356439
1499,11455.21217,11508.2,29479.81836,0.004625652
1500,11435.888,11758.16,14768.1123,0.028180759
1501,11501.45084,11925.46,22117.83203,0.036865711
1502,11439.74196,12831.56,51340.83203,0.12166516
1503,11561.67007,12990.25,390802.5,0.123561728
1504,11878.48276,12944.52,654937.125,0.089745236
1505,12397.91021,13128.46,625783.75,0.058925236
1506,12594.81674,13036.77,461290.5625,0.03509009
1507,13735.80538,13076.37,254683.7969,-0.048008497
1508,13372.61386,13651.47,386183.6875,0.020852777
1509,13203.67852,13289,158791.25,0.006461947
1510,13325.68559,13458.66,121982.2891,0.009978804
1511,13206.44249,13564.72,69387.85938,0.027128994
1512,13263.98568,13810.32,91709.17188,0.041189303
1513,14002.14451,13758.88,76047.52344,-0.017373375
1514,13502.40642,13575.17,148176.25,0.005388934
1515,13580.17493,14023.31,43989.375,0.032631028
1516,13683.51451,14155.59,80788.1875,0.034499579
1517,14022.31016,15591.39,70525.20313,0.111898812
1518,14056.71163,15595.77,476365.75,0.109489219
1519,14065.14078,14839.84,850512.6875,0.055079379
1520,14631.17966,15490.6,656991.875,0.058738965
1521,14857.89617,15328.53,625578.375,0.031675671
1522,16783.2137,15317.04,392740.5,-0.087359532
1523,15818.96362,15708.65,1224050.75,-0.006973505
1524,15142.20499,16295.57,220860.0938,0.076168894
1525,15527.85625,16339.33,303204.7813,0.052259226
1526,15577.50049,16091.07,254541.9531,0.032968672
1527,15680.31114,15968.16,302277.5938,0.018357344
1528,16021.7426,16725.15,188627.4844,0.043903302
1529,16812.33634,17679.72,151245.25,0.051592096
1530,16691.07937,17798.45,221539.9219,0.066345058
1531,16491.56623,17820.57,438672.8125,0.080586874
1532,16519.69246,18687.45,697855.625,0.131222633
1533,17637.36466,18699.75,1259964.5,0.060234925
1534,18900.56362,18422.28,622617.375,-0.025305257
1535,18466.07396,18398.91,518541.4375,-0.003637154
1536,18311.75189,19172.52,621336.875,0.047006322
1537,19356.23453,18739.8,409780.5,-0.031846821
1538,18870.62586,17151.44,492906.6875,-0.091103807
1539,18451.36207,17138.87,752974.5625,-0.07113253
1540,18178.95579,17732.42,705358.625,-0.024563336
1541,18981.24134,18191.6,667431.875,-0.041601143
1542,18386.59348,19709.73,824480.875,0.071962026
1543,17151.62234,18792.52,426533.9375,0.095670114
1544,17293.76708,19226.97,758891.0625,0.111786108
1545,18096.93869,19454.54,1312315.75,0.075018285
1546,18511.20541,18670.49,1317509.25,0.008604766
1547,20353.11912,19155.06,761401.1875,-0.058863662
1548,19155.66826,19377.66,715127.9375,0.011588828
1549,19272.28276,19181.41,325171.2813,-0.004715205
1550,19333.45181,18318.87,184902.8438,-0.052478048
1551,18782.95861,18554.15,221615.75,-0.012181713
1552,18881.53564,18247.76,168561.3438,-0.033565895
1553,19115.09843,18029.36,267227.6875,-0.056800044
1554,18938.74821,18803.44,379956.9375,-0.007144517
1555,18202.21351,19164.48,207576.2813,0.052865356
1556,18368.00085,19276.59,225498,0.049465871
1557,18320.13655,19439.75,361254.2188,0.061113816
1558,18265.81916,21379.48,611017.375,0.170463794
1559,19010.21522,22847.46,1966979.375,0.201851727
1560,20257.13079,23150.79,3587654,0.142846449
1561,20573.68071,23869.92,3305538.5,0.160216314
1562,21093.06109,23490.58,4837725,0.113663868
1563,24159.91129,22745.48,3113631.75,-0.058544556
1564,24658.26879,23824.99,2730818.25,-0.033793078
1565,23750.59335,23253.37,2029392.375,-0.020935197
1566,24243.28864,23715.53,950885,-0.021769268
1567,23482.87281,24693.58,615299.625,0.051557031
1568,23245.33196,26443.21,762222.625,0.137570762
1569,24088.73727,26246.58,1664098.625,0.089578906
1570,24107.21321,27036.69,1967005.625,0.121518683
1571,24751.29995,27376.37,3290128,0.106057866
1572,26331.75437,28856.59,3061570.25,0.095885583
1573,28520.8637,28982.56,1606914.625,0.01618802
1574,27416.72845,29393.75,1705843.625,0.072110046
1575,28341.64697,32195.46,2706762.5,0.135977032
1576,28807.49663,33000.78,3331982,0.145562227
1577,31128.24519,32035.03,4609698,0.029130611
1578,30577.65363,34046.67,2831719.75,0.113449397
1579,31345.28276,36860.41,6274145,0.175947599
1580,35569.07272,39486.04,6765144,0.110122839
1581,35344.95331,40670.25,5503351.5,0.150666395
1582,34651.45998,40240.72,13444592,0.161299409
1583,37347.86384,38240.09,14097933,0.023889617
1584,40797.52233,35544.94,4280541.5,-0.128747581
1585,41592.09094,34011.82,10280846,-0.182252702
1586,41278.64506,37393.13,19315396,-0.094128939
1587,39896.43676,39158.47,9747897,-0.018497059
1588,37473.83786,36828.52,4008902,-0.01722049
1589,34883.36028,36065.2,2178015.75,0.033879756
1590,34213.13764,35793.01,2041309.375,0.04617736
1591,36679.98987,36632.35,1239403,-0.001298797
1592,38485.72292,36020.13,676278.75,-0.064065132
1593,37031.00349,35538.98,1088034.125,-0.040291198
1594,35799.32363,30797.88,1118658.25,-0.139707769
1595,34865.29753,33002.38,7604357,-0.053431855
1596,35733.16098,32099.74,3432738.5,-0.101682048
1597,34422.56179,32276.84,4820294.5,-0.06233475
1598,34483.1277,32243.26,4627001,-0.064955468
1599,30408.2683,32541.8,2663716.75,0.070162881
1600,32097.32614,30419.17,1480055.25,-0.052283362
1601,31435.12417,33403.17,1998833.625,0.062606587
1602,32028.7395,34314.26,2034695,0.071358428
1603,31449.07409,34318.1,2519475,0.091227675
1604,32945.87803,33136.46,8767919,0.005784698
1605,30964.15378,33522.9,1799730.25,0.082635755
1606,34245.21882,35529.66,1932245.75,0.037507168
1607,35280.18235,37676.25,797811.5,0.067915399
1608,35327.23345,37002.09,1351876.5,0.047409785
1609,33984.11343,38278.61,1815138,0.126367768
1610,34626.04206,39323.26,3984529.5,0.135655641
1611,37667.4648,38928.1,6264929,0.033467482
1612,40121.13923,46364.3,2555232.75,0.155607764
1613,39001.93749,46589.58,9469230,0.194545271
1614,40750.17057,44878.17,17469544,0.101300175
1615,42417.46122,48013.38,12198015,0.131924887
1616,42059.16639,47471.4,15814720,0.128681428
1617,53569.82336,47185.19,14689826,-0.119183394
1618,47499.59747,48720.37,45908640,0.025700692
1619,46660.16277,47951.85,6340872.5,0.02768287
1620,49171.18558,49160.1,3059600.5,-0.000225449
1621,47971.18423,52118.23,1592365.25,0.086448685
1622,48389.17027,51608.15,4107425.25,0.066522731
1623,49999.43788,55916.5,3261722.5,0.118342573
1624,49779.59065,56001.2,7392814.5,0.124983136
1625,51567.78155,57487.86,12413885,0.114801883
1626,55976.82483,54123.4,11426054,-0.033110574
1627,53864.19512,48880.43,7910612,-0.092524637
1628,58436.21296,50624.84,11466507,-0.133673497
1629,56005.18471,46800.42,23088332,-0.164355582
1630,57472.46049,46340.31,25976520,-0.193695387
1631,52455.6788,46155.87,31746036,-0.120097746
1632,47604.3649,45113.92,13040669,-0.052315474
1633,48116.98608,49618.43,8613441,0.031204031
1634,45994.21158,48356.04,4157985.25,0.051350558
1635,44988.85939,50477.7,3678678,0.12200444
1636,45072.73303,48448.91,12774314,0.074905087
1637,46103.82254,48861.38,12117257,0.059811905
1638,49418.3881,48881.59,2484784.25,-0.010862315
1639,49257.62787,51169.7,2420827.75,0.038817787
1640,51404.38648,52299.33,1903505.375,0.017409867
1641,49327.57347,54881.52,1585312.75,0.112593143
1642,49687.42967,55997.23,6049459,0.126989872
1643,50268.56411,57764,9866454,0.149107818
1644,53530.89866,57253.28,13969678,0.069537061
1645,55399.61557,61258.73,9758474,0.105760922
1646,58828.80328,59133.47,10401555,0.00517887
1647,58673.20076,55754.72,6088849,-0.049741291
1648,59784.27824,56872.38,6275787,-0.048706756
1649,58051.96586,58913,5591283.5,0.014832127
1650,62431.88012,57665.9,5303510,-0.076338885
1651,58374.61952,58075.1,13091394,-0.005130989
1652,56315.07545,58085.8,1687710.375,0.031443171
1653,56917.98621,57411.17,1627987.5,0.008664814
1654,58427.97604,54204.96,1460991.5,-0.072277295
1655,56421.07962,54477.46,5082954,-0.034448466
1656,57513.14513,52508.23,4461771,-0.087022108
1657,56959.48173,51415.92,7860841,-0.097324652
1658,55905.25565,55074.47,9503795,-0.0148606
1659,52892.69168,55863.93,4431504,0.056174837
1660,53365.80945,55783.71,3504367.5,0.045308046
1661,52393.52445,57627.67,4827331,0.09990062
1662,52040.49553,58730.13,8309145.5,0.12854671
1663,54720.2004,58735.25,10515623,0.073374176
1664,57702.03809,58736.92,13767915,0.017934928
1665,57539.00022,59031.32,3539128.5,0.025935796
1666,59731.98739,57076.49,2632487.5,-0.044456873
1667,59561.54667,58206.55,3130964,-0.022749521
1668,58857.59923,59054.1,1449598.5,0.003338579
1669,58814.49689,58020.46,1112868.25,-0.0135007
1670,58876.05062,55947.27,977139.5,-0.049744855
1671,57174.21333,58048.59,1839162.625,0.0152932
1672,57886.27452,58102.58,1303552.75,0.003736732
1673,58526.73625,59774,1224335.75,0.021311008
1674,58080.8918,59964.87,1294907.625,0.032437143
1675,56601.17212,59834.74,1912626.375,0.057128991
1676,58284.87697,63554.44,1774801.375,0.090410468
1677,59079.45187,62969.12,6129127.5,0.065837918
1678,61370.17363,63252.63,6303718.5,0.030673799
1679,61512.52887,61455.98,3707786.75,-0.000919307
1680,61200.12367,60087.09,3067903.75,-0.018186788
1681,65653.69217,56251.48,2815399.5,-0.143209191
1682,62600.77719,55703.14,25747926,-0.11018453
1683,62397.19497,56507.91,14916451,-0.09438381
1684,59889.90851,53808.8,13364521,-0.101538117
1685,58006.41883,51731.71,13986430,-0.108172664
1686,54718.58415,51153.13,11217664,-0.065159839
1687,53797.07643,50110.53,6934296,-0.068526892
1688,53881.19707,49075.58,7969972,-0.08918913
1689,51992.38108,54056.64,4767849.5,0.039703104
1690,50074.37694,55071.46,3419299.5,0.099793215
1691,50460.48298,54884.1,11482530,0.087664976
1692,50414.97612,53584.15,9289705,0.062861755
1693,49203.25073,57796.62,9086844,0.174650437
1694,55496.21645,57857.5,23625016,0.04254855
1695,57052.1698,56610.46,5265340.5,-0.007742209
1696,56395.62743,57213.33,3937474.75,0.014499397
1697,55048.77219,53241.72,4895087.5,-0.032826385
1698,59143.933,57473.23,4371425.5,-0.028248088
1699,57917.59488,56428.16,5242429,-0.025716449
1700,56948.51406,57380.27,1608606.875,0.007581514
1701,57093.40597,58928.81,1195912.75,0.032147391
1702,53410.71333,58280.73,940455.3125,0.091180521
1703,57524.76762,55883.5,3542541.25,-0.028531495
1704,56737.17014,56750,2567381.5,0.000226128
1705,57869.61492,49007.09,2193415.5,-0.15314643
1706,59302.06758,49702.27,15092872,-0.161879644
1707,57044.2982,49922.52,27394182,-0.124846451
1708,54348.50763,46736.58,16735586,-0.140057712
1709,54393.71964,46441.64,22771926,-0.146194812
1710,48265.53964,43596.24,15956531,-0.096741892
1711,47720.73989,42912.19,10519307,-0.100764362
1712,47470.67757,36964.27,8406967,-0.221324154
1713,45574.81495,40784.32,21993374,-0.105112768
1714,42999.02741,37280.35,16422605,-0.132995506
1715,41579.21912,37528.3,28505002,-0.097426532
1716,40958.94047,34754.54,11854538,-0.151478539
1717,35791.63478,38728.59,11727589,0.082057029
1718,38730.39572,38410.5,11785368,-0.008259552
1719,36143.87991,39266.04,4551559,0.086381432
1720,37046.15476,38445.29,9226003,0.037767354
1721,34791.20274,35689.62,4088958.5,0.025823116
1722,38375.89585,34647.67,6331506.5,-0.097150197
1723,37175.842,35684.59,2195982.5,-0.040113469
1724,39105.29308,37310.54,4883723,-0.0458954
1725,37985.47994,36662.64,2692882.75,-0.034824884
1726,35388.23236,37585.24,1557774.25,0.062083
1727,34466.22839,39188.59,1100947.125,0.137014168
1728,35853.44596,36885.51,3780796.75,0.02878563
1729,37170.17169,35530.38,2722841.5,-0.044115795
1730,36723.2698,35816.17,2823090.5,-0.024700954
1731,37919.59631,33514.87,3718081.5,-0.116159631
1732,39293.856,33450.19,5457435,-0.148717041
1733,36283.71959,37338.36,10351027,0.029066491
1734,34934.52546,36704.57,2903995.25,0.050667485
1735,35103.4848,37313.18,2880579,0.062948029
1736,33751.09293,35494.9,3286110.5,0.051666684
1737,33099.92676,39066.82,3090300.5,0.180269077
1738,37785.70175,40525.8,14388779,0.072516802
1739,37926.32469,40188.56,3801065.25,0.059648155
1740,38807.52267,38324.87,3534938.75,-0.01243709
1741,36560.06368,38068.04,2265027,0.041246545
1742,40621.97969,35729.82,2022671,-0.120431346
1743,41424.8209,35524.17,6953727,-0.1424424
1744,39893.57551,35592.35,8699458,-0.107817498
1745,37485.38309,31686.55,5308918,-0.154695847
1746,36522.081,32447.59,13365445,-0.1115624
1747,34292.9177,33674.66,6906760,-0.018028728
1748,33924.21863,34639.38,4278173.5,0.021081145
1749,33710.33459,31640.58,3054858.5,-0.061398222
1750,31350.6494,32160.91,1867966.375,0.025845098
1751,31292.62008,34644.45,1491298.75,0.107112473
1752,33203.68725,34456.67,6774509,0.037736253
1753,34463.01699,35847.7,1925574.375,0.04017881
1754,31999.67006,35047.36,2286155.25,0.095241293
1755,32682.50321,33536.88,3652713.5,0.026141718
1756,34878.09645,33856.86,988181.1875,-0.029280166
1757,34977.10764,34688.98,858804.5,-0.008237606
1758,36676.12788,35309.3,794975.6875,-0.037267508
1759,35162.19799,33747.97,2011136.25,-0.040220125
1760,33615.95708,34211.01,434061.3125,0.017701502
1761,33745.51737,33839.04,274174.0625,0.002771409
1762,34487.57678,32877.41,259032.3281,-0.046688313
1763,34725.95453,33818.52,649711.625,-0.026131306
1764,33743.54066,33515.57,454771.5,-0.006755979
1765,33893.03238,34227.64,440302.5,0.00987246
1766,33573.57119,33158.25,260393.9688,-0.01237048
1767,32859.51465,32686.56,241405.2031,-0.005263457
1768,33136.35076,32814.61,116172.5156,-0.009709602
1769,33380.94911,31738.59,684863.5,-0.049200492
1770,33860.1241,31421.25,577377.8125,-0.072027914
1771,32792.23832,31520.66,1031416.188,-0.038776808
1772,32196.86212,31783.49,842451.1875,-0.012838895
1773,32183.11575,30815.94,568626.625,-0.042481149
1774,31308.73799,29790.24,672255.875,-0.048500773
1775,30567.40597,32118.06,710416.375,0.050729003
1776,31029.74019,32297.89,1237157.5,0.04086885
1777,31573.52429,33581.63,723198.3125,0.063600936
1778,30663.83236,34279.34,1238645,0.117907886
1779,30342.15015,35365.2,4326635.5,0.165546931
1780,33073.11306,37318.14,4380747,0.128352808
1781,33862.54994,39405.95,5427750.5,0.163702972
1782,36212.59966,40002.53,9044159,0.104657781
1783,36771.62438,40005.93,5690415.5,0.087956561
1784,38180.85425,42214.15,5867819,0.105636603
1785,40665.93312,41659.06,5418841.5,0.024421593
1786,42393.94665,40000.46,4013100.75,-0.056458217
1787,41524.68701,39193.94,4360658.5,-0.056129189
1788,40764.83791,38138,3269452.25,-0.064438817
1789,42889.87812,39750.14,4082833.5,-0.073204641
1790,40902.79665,40882,5973955,-0.000508441
1791,39662.7805,42825.95,757777.0625,0.079751582
1792,39073.57147,44634.13,1500090.625,0.142309964
1793,39190.15268,43816.14,5789407,0.118039533
1794,40786.8741,46333.46,7962101,0.135989482
1795,42329.18516,45608.37,10913125,0.07746865
1796,45794.37188,45611.46,7758258.5,-0.0039942
1797,46758.40089,44417.78,2555286.5,-0.050057762
1798,44882.23794,47833.98,3045531.5,0.065766374
1799,47622.5734,47112.19,3989870,-0.010717258
1800,46112.94556,47056.41,2761294.75,0.020459861
1801,46147.5661,45982.55,1781716.75,-0.003575835
1802,45045.66856,44648.57,1405582,-0.008815466
1803,48356.48948,44777.86,1147667.375,-0.074005155
1804,46919.04513,46734.65,3303036,-0.00393007
1805,46782.35638,49327.75,1024719.375,0.054409265
1806,45800.64763,48932.02,1243112.75,0.068369609
1807,45169.69314,49335.68,2467768.75,0.092229692
1808,45463.29998,49523.5,5932670.5,0.0893072
1809,47866.82347,47744.58,6639522.5,-0.002553824
1810,51111.73507,48972.09,1899354,-0.04186211
1811,49368.77703,46962.8,3466224.5,-0.048734791
1812,49234.90998,49056.86,2911750,-0.003616336
1813,49233.71879,48897.65,1914872.625,-0.006825988
1814,47827.99801,48806.78,809764.8125,0.020464624
1815,48676.53124,47074.77,571414.1875,-0.032906232
1816,47152.31807,47155.87,816657.125,7.53288E-05
1817,48740.28783,48862.76,444738.6875,0.00251275
1818,48572.21531,49329.01,410707.6563,0.015580815
1819,48757.45469,50035.33,535738.4375,0.026208819
1820,47278.40518,49947.38,646431.5,0.056452302
1821,47533.30341,51769.06,1260754.25,0.089111345
1822,49344.11317,52677.4,3725912,0.067551864
1823,50575.98439,46809.17,4352162.5,-0.074478321
1824,51087.6759,46078.38,3837498.5,-0.098052922
1825,51087.6759,46368.69,6992181.5,-0.092370338
